gameMode,win,ally0_kills,ally0_assists,ally0_death,ally0_role,ally0_champion,ally0_vision_score,ally0_total_damage,ally0_item0,ally0_item2,ally0_item1,ally0_item3,ally0_item4,ally0_item5,ally0_item6,ally0_minions,ally1_kills,ally1_assists,ally1_death,ally1_role,ally1_champion,ally1_vision_score,ally1_total_damage,ally1_item0,ally1_item2,ally1_item1,ally1_item3,ally1_item4,ally1_item5,ally1_item6,ally1_minions,ally2_kills,ally2_assists,ally2_death,ally2_role,ally2_champion,ally2_vision_score,ally2_total_damage,ally2_item0,ally2_item2,ally2_item1,ally2_item3,ally2_item4,ally2_item5,ally2_item6,ally2_minions,ally3_kills,ally3_assists,ally3_death,ally3_role,ally3_champion,ally3_vision_score,ally3_total_damage,ally3_item0,ally3_item2,ally3_item1,ally3_item3,ally3_item4,ally3_item5,ally3_item6,ally3_minions,me_kills,me_assists,me_death,me_role,me_champion,me_vision_score,me_total_damage,me_item0,me_item2,me_item1,me_item3,me_item4,me_item5,me_item6,me_minions,enemy4_kills,enemy4_assists,enemy4_death,enemy4_role,enemy4_champion,enemy4_vision_score,enemy4_total_damage,enemy4_item0,enemy4_item2,enemy4_item1,enemy4_item3,enemy4_item4,enemy4_item5,enemy4_item6,enemy4_minions,enemy0_kills,enemy0_assists,enemy0_death,enemy0_role,enemy0_champion,enemy0_vision_score,enemy0_total_damage,enemy0_item0,enemy0_item2,enemy0_item1,enemy0_item3,enemy0_item4,enemy0_item5,enemy0_item6,enemy0_minions,enemy1_kills,enemy1_assists,enemy1_death,enemy1_role,enemy1_champion,enemy1_vision_score,enemy1_total_damage,enemy1_item0,enemy1_item2,enemy1_item1,enemy1_item3,enemy1_item4,enemy1_item5,enemy1_item6,enemy1_minions,enemy2_kills,enemy2_assists,enemy2_death,enemy2_role,enemy2_champion,enemy2_vision_score,enemy2_total_damage,enemy2_item0,enemy2_item2,enemy2_item1,enemy2_item3,enemy2_item4,enemy2_item5,enemy2_item6,enemy2_minions,enemy3_kills,enemy3_assists,enemy3_death,enemy3_role,enemy3_champion,enemy3_vision_score,enemy3_total_damage,enemy3_item0,enemy3_item2,enemy3_item1,enemy3_item3,enemy3_item4,enemy3_item5,enemy3_item6,enemy3_minions
ARAM,True,4,35,3,SUPPORT,40,0,48892,3070,3020,3112,6653,3116,1058,2052,20,12,28,5,SUPPORT,76,0,58467,2420,4628,3020,3089,6655,3108,2052,41,5,15,7,DUO,58,0,51402,6691,2031,3047,6693,6333,0,0,71,18,16,2,SUPPORT,145,0,38188,6655,3020,0,3145,3089,0,2052,25,12,21,7,SUPPORT,68,0,64935,6653,4637,3020,3165,1052,1028,0,54,0,12,9,SUPPORT,69,0,41886,6655,2031,3070,4645,3155,0,0,39,10,11,9,DUO,81,0,100638,3508,3158,3042,6691,6694,0,2052,85,4,10,13,SUPPORT,157,0,56222,3006,3031,3087,3153,0,0,2052,60,0,19,10,SUPPORT,16,0,22334,6657,3083,3158,3116,0,0,2052,8,10,5,10,SUPPORT,80,0,26258,3748,0,0,6691,6676,3047,2052,7
ARAM,True,19,20,5,SUPPORT,31,0,41671,3084,3068,3083,3111,3075,0,2052,11,12,27,11,SUPPORT,96,0,64163,3153,3091,3124,1001,3085,1036,2052,30,14,21,6,SUPPORT,119,0,56681,3057,3006,6691,3094,3072,3035,0,41,7,38,8,DUO,15,0,86393,6691,3814,3158,3004,6676,0,2052,84,4,34,4,SUPPORT,57,0,34331,2051,6665,3070,3047,3075,0,0,33,3,11,12,SUPPORT,420,0,43486,6632,3071,3111,3044,0,0,2052,33,2,18,7,SUPPORT,412,0,18391,6665,3111,2031,4401,3076,1011,2052,12,10,11,13,SUPPORT,21,0,59030,6696,3006,6692,1018,6694,0,2052,37,4,12,16,SUPPORT,245,0,41570,3152,3113,3157,3020,0,0,2052,14,15,11,8,DUO,236,0,95087,6671,3508,3158,6676,3094,3035,2052,89
ARAM,True,10,37,6,NONE,99,0,66643,6655,4645,3020,3135,3916,3145,0,35,12,33,9,DUO,30,0,84974,6655,3089,3040,3020,4645,0,0,48,9,26,13,SUPPORT,145,0,59672,6672,6676,3006,3124,4645,1036,0,46,14,32,8,DUO,45,0,98357,6655,3089,3070,3020,4645,3135,0,71,17,31,8,CARRY,895,0,95766,6676,3031,3006,6673,6333,1053,2052,89,9,16,7,SUPPORT,110,0,69988,6692,3006,3156,3070,6694,6672,0,34,4,25,13,SOLO,31,0,34592,4401,6656,3111,3075,1026,1052,2052,21,3,20,14,SOLO,50,0,86972,2420,6653,3020,4637,3065,3191,2052,61,18,16,13,SUPPORT,11,0,59792,3091,6691,3006,6676,6696,3153,0,31,10,22,15,CARRY,18,0,89209,6672,3006,6691,6676,3072,3133,0,83
CLASSIC,True,11,8,0,SOLO,86,20,269975,4401,3181,6631,3111,3071,3075,3363,298,9,9,10,SOLO,157,23,208883,6672,3006,3031,6673,1053,1043,3340,196,14,14,12,CARRY,21,32,172863,6694,3814,3142,3006,6676,3004,3340,158,7,13,5,SUPPORT,99,86,108467,3853,3145,3020,6655,3089,1058,3364,54,4,26,3,NONE,154,25,237091,6665,3111,3068,3075,4637,0,3340,50,1,12,10,SUPPORT,25,67,65803,3157,3020,3853,6653,1052,1011,3364,41,0,5,8,SOLO,54,14,164219,1056,6662,3047,3075,3082,3024,3340,190,2,6,11,NONE,19,32,241077,3078,3047,3748,3193,0,0,3340,28,7,2,6,SOLO,84,24,173037,1056,3152,3157,3020,3145,3089,3340,233,20,4,10,CARRY,119,25,257751,3072,3006,3031,6676,3036,3094,3340,219
ARAM,False,4,11,11,SUPPORT,266,0,31928,3044,6692,3047,6333,0,0,0,26,11,20,9,SUPPORT,103,0,50299,4628,6656,3020,3089,1026,0,2052,27,10,10,10,SUPPORT,145,0,39477,6672,6675,3006,1053,1018,1038,2052,45,10,9,14,SUPPORT,360,0,47683,6691,6676,3006,6673,3133,1029,2052,43,5,18,9,SUPPORT,54,0,34980,4636,3020,4628,3108,4632,0,2052,19,16,22,4,SUPPORT,110,0,49914,6691,6676,3158,3004,1036,0,2052,37,7,32,5,SUPPORT,111,0,25121,1011,3083,3076,3070,2051,3084,0,10,9,36,10,SUPPORT,15,0,73595,3042,3006,6691,6676,0,0,2052,59,12,18,11,SUPPORT,122,0,37485,3047,3071,6631,3065,3066,1028,2052,24,9,24,10,SUPPORT,96,0,52710,6653,3115,3006,3040,3916,0,2052,42
ARAM,False,10,24,10,SUPPORT,25,0,125292,6653,3157,3165,4637,3116,3089,2052,56,15,20,17,SUPPORT,360,0,143881,6691,3074,6673,3814,6676,3075,0,115,20,22,14,DUO,21,0,297137,3036,3006,6691,6672,6676,3072,0,215,18,31,14,SUPPORT,876,0,164690,4637,3020,6653,3102,3089,3157,2052,42,6,34,7,SUPPORT,106,0,114873,6665,3091,3065,4401,3068,3075,0,79,15,25,11,SUPPORT,17,0,147556,4637,6653,4629,3158,3040,3089,2052,85,10,22,16,SUPPORT,9,0,102802,3157,3089,3116,3158,4645,6653,2052,55,14,23,10,SUPPORT,36,0,262817,3748,3083,3084,3075,3065,3068,0,152,5,28,18,SUPPORT,22,8,89001,6672,3006,3124,3153,3036,3085,0,76,18,18,14,SUPPORT,236,0,187657,6672,6676,6671,3072,3036,3153,2052,114
ARAM,True,10,24,9,SUPPORT,15,0,126470,6675,3006,3087,3072,3036,1036,2052,90,11,22,11,SUPPORT,74,0,63656,2421,3191,3116,4637,6653,3020,2052,49,4,15,7,SUPPORT,62,0,27831,3111,3748,6667,0,3083,2051,2052,18,11,14,7,SUPPORT,21,0,86047,1018,3006,6691,6676,3036,6672,2052,76,9,17,7,SUPPORT,875,0,46022,3748,3111,3078,3044,4401,3076,0,35,8,23,5,SUPPORT,143,0,85131,6653,4637,3020,3116,3089,0,2052,42,9,23,9,SUPPORT,235,0,75667,6692,3042,3009,3094,3036,3134,2052,35,10,14,11,DUO,96,0,100525,3124,3153,3006,3042,3085,0,2052,81,12,9,14,SUPPORT,517,0,51386,4636,4645,3020,3089,3108,3113,2052,17,2,21,6,SOLO,34,0,66133,6657,4637,3040,3020,3116,0,2052,53
ARAM,True,6,29,7,SUPPORT,55,0,33961,3084,3068,3047,3077,1011,1028,2052,32,10,26,8,SUPPORT,85,0,53203,3157,4636,3020,4629,0,0,2052,30,23,23,8,SUPPORT,59,0,47497,3161,3110,6630,3111,3075,0,2052,37,10,30,5,SUPPORT,112,0,50517,6653,1058,4645,3020,1058,1052,2052,25,6,22,8,SUPPORT,420,0,41104,6333,6662,3047,3076,1011,0,2052,35,5,10,11,SUPPORT,777,0,40751,3184,3087,6665,3006,1053,0,2052,26,4,17,11,SUPPORT,122,0,27507,2031,3111,6631,2051,3066,1028,2052,14,2,18,13,SUPPORT,127,0,33047,6655,4645,3020,0,0,0,2052,18,22,6,11,SUPPORT,119,0,72412,6676,3031,3006,3036,3072,3086,2052,53,2,24,9,SUPPORT,222,0,46981,6672,3031,3006,3086,1036,1036,2052,40
ARAM,True,17,28,6,SUPPORT,161,0,90789,6655,4628,3040,3020,4645,0,0,50,16,28,5,SUPPORT,145,0,79672,6655,4628,3020,4645,3135,3916,0,57,13,27,11,DUO,8,0,75233,4636,4629,3020,4645,3135,1058,2052,57,10,36,11,DUO,3,0,71849,6665,3111,3110,3068,3075,3082,0,52,12,30,6,DUO,50,0,78541,6653,3116,3157,4637,1058,3020,2052,59,1,13,9,SUPPORT,77,0,21830,6665,4401,3111,3065,1057,1028,0,26,9,14,15,SOLO,35,0,66664,6653,4637,3158,4645,3165,0,2052,29,10,14,14,DUO,6,0,108551,3074,3111,3071,6609,3156,0,2052,72,11,11,15,SUPPORT,236,0,82250,6675,3158,3508,6672,3094,1053,2052,71,8,15,15,SUPPORT,238,0,57600,6691,3074,3158,6694,3133,1036,2052,27
ARAM,False,11,33,16,SUPPORT,9,12,99355,3112,3065,3157,3111,6665,3083,3330,55,12,32,14,SUPPORT,136,0,116768,6653,3116,1058,4637,3135,4645,0,85,6,40,10,SUPPORT,888,0,56268,2065,3111,3040,4005,3011,3504,0,32,23,21,16,SUPPORT,103,0,114417,6655,4628,3108,4645,3089,4637,2052,80,19,39,6,SUPPORT,25,0,141781,6655,4645,3157,3135,3089,3020,2052,77,11,21,22,SUPPORT,54,0,55060,4636,3135,3020,4629,3089,3145,2052,22,17,16,13,DUO,21,0,133666,6691,6676,3006,3036,3072,6672,2052,125,13,30,14,SUPPORT,4,0,119171,6655,3094,3020,3100,4645,3089,2052,68,2,23,13,SUPPORT,57,0,49747,6665,4401,3111,4637,3165,1033,0,38,19,22,9,SUPPORT,35,0,109525,6653,4637,3020,3135,3165,3089,2052,62
ARAM,True,7,23,7,SUPPORT,117,0,42162,6677,3006,6672,3153,1037,1052,2052,43,11,21,8,SUPPORT,268,0,51306,6655,3115,3020,3145,1058,0,2052,29,3,30,4,SUPPORT,75,0,41811,6632,3076,3047,1011,0,0,0,36,9,26,8,SUPPORT,78,0,22963,6665,3047,2031,3075,1057,3066,2052,13,11,13,9,SUPPORT,56,0,27629,6696,3070,3047,6691,3134,1018,2052,20,3,14,7,SUPPORT,266,0,19284,3047,3133,6630,3067,1036,0,2052,12,9,15,10,DUO,133,0,51824,3184,3094,3070,3031,6670,1043,2052,45,12,12,13,DUO,777,0,57706,3087,3006,3031,1053,1043,1037,2052,48,8,15,8,SUPPORT,13,0,20900,6657,3070,3050,3067,3158,3916,2052,6,4,10,3,SUPPORT,57,0,12091,2051,3070,6667,1001,0,0,2052,4
ARAM,False,7,29,9,SUPPORT,126,0,72807,3814,6691,6694,3111,6676,1036,0,54,7,24,15,DUO,10,0,78603,6692,3006,6672,3153,3051,1043,2052,55,6,25,20,SUPPORT,38,0,48775,6657,3040,3111,3100,1058,1058,2052,15,26,21,11,DUO,51,0,136878,6691,6676,3006,3036,3072,3094,2052,62,11,32,7,DUO,63,0,121350,6653,4637,2421,3116,3089,3020,2052,79,9,22,13,SUPPORT,875,0,55248,3084,3068,3047,3075,4401,0,2052,40,5,25,9,SUPPORT,120,0,47969,3111,3065,6632,3042,3133,1053,0,40,10,23,9,SUPPORT,35,0,55438,6653,4645,3158,3165,4637,0,0,22,34,16,12,DUO,21,0,171752,6691,6676,3006,3036,3072,6672,0,134,4,36,15,SOLO,77,0,30699,6665,4637,3068,3047,1057,3066,2052,15
ARAM,True,4,28,6,SUPPORT,516,0,36741,7027,3083,2031,3111,3024,4401,2052,26,12,25,7,DUO,29,0,86657,6672,3006,7030,3085,3091,1053,0,76,16,24,13,SUPPORT,96,0,82105,3006,3124,3153,3091,3748,1053,2052,52,11,27,8,SUPPORT,76,0,35641,7013,4628,3020,4645,3089,0,2052,6,13,23,12,SUPPORT,268,0,74780,7013,4645,3157,3115,3020,0,0,69,14,18,19,SUPPORT,20,0,67701,4636,4645,3020,3089,4630,0,0,29,8,10,9,SUPPORT,18,0,60162,6672,3031,3006,3094,3133,3035,2052,51,3,19,8,DUO,13,0,74369,6655,3040,3020,3110,3113,1052,2052,67,20,13,15,SUPPORT,9,0,64362,3020,4645,3152,3089,3108,3157,2052,33,1,34,5,SUPPORT,267,0,23333,4005,3158,3040,6655,1004,0,0,15
CLASSIC,True,5,9,6,SOLO,82,23,172896,6665,3076,3047,3116,3068,1011,3340,179,11,15,8,SOLO,777,15,134179,3031,3006,6672,6673,1037,3044,3340,125,21,17,9,CARRY,22,28,189432,3085,3006,6672,3091,1053,3031,3340,156,5,43,4,SUPPORT,902,74,35777,3853,3011,2065,6616,3158,3504,3364,17,12,27,2,NONE,154,14,181615,3075,3047,3068,6667,4637,0,3364,29,5,11,12,SUPPORT,25,57,83416,3853,3020,6653,3116,3165,1052,3340,43,2,6,9,NONE,86,15,98459,3742,3047,6631,3076,1028,0,3340,124,5,6,11,NONE,141,30,172889,6693,3047,6691,3071,1031,0,3340,44,16,3,12,SOLO,157,20,189020,3035,3006,6671,6672,3153,6333,3340,164,1,7,10,CARRY,51,17,89997,1055,2003,3095,3006,6671,0,3340,109
CLASSIC,True,20,3,4,SOLO,82,30,203308,6665,4637,3116,3111,3075,3065,3340,197,9,4,5,SOLO,157,18,186740,3031,3006,6672,6673,1053,0,3340,171,13,8,5,CARRY,81,16,151570,3042,6694,3078,3077,3158,1036,3340,157,4,11,9,SUPPORT,161,66,60925,3853,1058,3145,3108,3020,6653,3364,28,5,15,4,NONE,154,8,177293,3068,3047,6665,3075,1011,0,3364,10,3,11,11,SUPPORT,412,43,29044,3050,3857,3190,3117,3023,1028,3340,35,3,2,11,SOLO,68,11,112540,4637,4636,1056,3113,3020,1052,3340,147,5,6,9,NONE,28,18,173601,4645,3020,3152,3041,0,0,3340,31,7,2,11,SOLO,777,16,144492,6672,6673,3031,1055,0,3006,3340,187,9,3,9,CARRY,222,27,198013,6672,3094,3031,3006,3036,0,3340,244
CLASSIC,False,5,1,1,NONE,83,21,167162,6694,3078,3047,3181,0,0,3340,203,1,6,5,NONE,154,26,146347,1033,0,1029,3158,3075,3068,3340,13,1,2,4,SOLO,81,17,104171,3078,3042,3158,1036,0,0,3340,140,2,3,7,SUPPORT,25,30,34646,6653,2423,3853,2010,3020,3191,3364,25,3,2,7,CARRY,99,18,77028,1056,3020,6655,4645,0,0,3340,119,0,17,1,SUPPORT,267,56,11948,3222,3853,2065,3158,1052,0,3364,5,3,4,2,SOLO,518,28,140119,3085,3051,3153,3006,1042,0,3340,141,3,4,6,NONE,113,16,100741,1102,3117,3084,3083,1029,0,3340,26,5,14,2,SOLO,126,36,135323,6692,2421,2055,3158,6694,3042,3364,164,13,5,1,CARRY,222,7,185282,3094,1055,6672,3006,3031,0,3363,182
CLASSIC,False,2,4,8,NONE,20,14,109637,3068,3047,6667,0,0,0,3340,17,3,4,7,SOLO,101,22,94165,1028,1052,0,3020,4628,6655,3340,125,6,4,10,CARRY,222,12,72527,6672,1053,3006,3031,1042,0,3340,125,4,5,10,SUPPORT,82,27,36567,3859,3076,4633,3047,1028,0,3340,42,2,3,5,SOLO,54,11,62568,1056,3111,6662,6660,1031,0,3340,117,1,16,7,SUPPORT,497,36,28195,3859,3050,2065,3117,2031,1004,3340,40,4,8,2,SOLO,36,7,95903,1054,3111,3084,3065,1057,0,3340,156,15,7,2,NONE,141,9,240535,6696,3158,6691,6694,3133,3067,3340,20,0,14,4,SOLO,267,13,59637,1056,3145,6655,3111,0,0,3340,73,20,5,2,CARRY,18,14,166173,6672,6675,3006,3036,1055,1053,3340,164
CLASSIC,True,0,0,0,SUPPORT,131,0,2428,1103,0,2003,0,0,0,3340,0,0,0,0,SUPPORT,115,0,1331,3070,0,2003,0,0,0,3340,4,0,0,0,SUPPORT,236,1,632,1036,0,2003,0,0,0,3340,3,0,0,0,SUPPORT,45,1,443,1056,0,2003,0,0,0,3340,0,0,0,0,SUPPORT,82,0,153,1056,0,2003,0,0,0,3340,2,0,0,0,SUPPORT,526,0,519,3854,0,2003,0,0,0,3340,0,0,0,0,SUPPORT,75,0,174,1054,0,2003,0,0,0,3340,1,0,0,0,SUPPORT,62,0,2071,1101,0,2003,0,0,0,3340,0,0,0,0,SUPPORT,103,0,698,1056,0,2003,0,0,0,3340,3,0,0,0,SUPPORT,221,0,0,1055,0,2003,0,0,0,0,0
ARAM,True,0,7,10,SUPPORT,266,0,25775,6691,6333,3047,0,0,0,0,27,32,10,14,SUPPORT,11,0,86902,6691,6672,3006,3153,6676,1043,0,40,0,0,0,SUPPORT,25,0,0,0,0,0,0,0,0,2052,0,8,13,10,SUPPORT,145,0,44206,3042,6655,3108,3020,1043,1026,2052,34,6,23,7,SUPPORT,9,3,44675,6653,3116,3157,3020,1028,0,3330,34,4,19,10,SUPPORT,516,0,28890,7026,3111,3801,3070,3068,1011,0,27,11,29,9,SUPPORT,59,0,41953,6691,3047,2031,6676,6333,3077,2052,33,10,14,8,SUPPORT,141,0,31626,3158,3004,6691,6676,3133,0,2052,24,7,20,9,SUPPORT,45,0,40893,7014,4645,3020,3108,1058,1058,0,31,9,15,10,SUPPORT,103,0,45859,6655,4628,3020,1058,1058,0,0,43
ARAM,False,15,28,9,DUO,136,0,124974,3116,6653,3135,3020,4637,3145,2052,98,10,34,13,SUPPORT,80,0,74619,6630,3161,3111,3071,6333,1036,2052,28,18,35,12,SOLO,50,0,134052,6653,3116,3157,3020,3065,4637,2052,76,9,19,18,SUPPORT,107,0,39545,3177,6676,6691,3508,6693,1036,2052,17,13,29,14,SUPPORT,233,0,83087,6632,6672,3006,3065,3153,3077,2052,44,17,28,11,CARRY,202,0,129694,6691,6676,3009,3094,3036,3072,2052,88,5,38,16,SOLO,54,0,63616,3135,6665,3040,3157,0,3111,2052,45,20,18,10,NONE,105,0,88133,3157,3020,3916,3100,4636,3135,0,33,9,43,11,SOLO,76,0,71740,6655,4628,2420,3089,4645,3020,2052,26,15,26,17,SUPPORT,36,0,98425,3084,3083,3111,4401,3075,3077,2052,49
ARAM,True,10,16,6,SUPPORT,45,0,37921,3802,3157,1001,4645,0,0,2052,38,8,11,5,SUPPORT,31,0,28176,6655,3083,3111,3067,0,0,2052,23,4,14,6,SUPPORT,7,0,20612,6655,3087,3020,0,0,0,2052,17,8,10,9,SUPPORT,82,0,20344,4633,3116,3020,1052,1028,0,2052,8,3,25,2,SUPPORT,61,0,25009,3802,3108,3020,0,0,0,2052,22,6,4,5,SUPPORT,121,0,8013,6691,1036,0,3111,0,0,2052,0,2,19,6,SUPPORT,113,0,14997,6667,1057,3111,3066,1028,0,2052,9,9,10,5,SUPPORT,13,0,35309,6655,4645,3070,3020,0,0,2052,31,7,10,8,SUPPORT,131,0,17764,6655,3145,3020,1058,0,0,2052,12,4,14,9,SUPPORT,96,0,26242,3124,3085,2031,0,0,0,2052,28
ARAM,False,28,25,12,DUO,30,0,108598,6653,4637,3020,4645,3165,3116,2052,54,9,36,9,DUO,203,0,93276,3078,3111,6672,3153,3036,1043,2052,74,11,30,12,SUPPORT,29,0,80304,6672,3085,3006,3153,3031,0,2052,46,6,38,8,DUO,22,5,55299,6672,3006,3085,3031,3035,1018,2052,23,5,46,7,SUPPORT,3,0,73582,6665,3068,3111,3075,3082,1029,2052,47,8,32,5,SUPPORT,99,0,77261,6655,3089,3040,3158,4628,1058,2052,51,9,11,11,SUPPORT,122,0,47319,6630,3065,6333,3044,1028,3111,0,41,5,20,6,SUPPORT,51,0,86236,3031,3072,6672,1018,0,3006,2052,66,19,5,16,SUPPORT,254,0,36137,6692,6676,3047,6333,3156,3035,2052,14,7,18,21,SUPPORT,14,0,92556,3084,3068,3111,3075,3083,1057,2052,74
ARAM,True,14,23,14,DUO,68,0,138146,4636,4637,3020,3089,4629,3102,2052,109,3,20,8,SUPPORT,32,0,37355,6665,3068,3111,3075,4401,1057,2052,33,24,17,16,SUPPORT,11,0,90465,6691,6676,3006,3153,6672,3091,2052,34,9,22,11,SUPPORT,1,0,91821,6655,3102,3089,3020,4645,3135,0,52,15,24,7,SUPPORT,43,0,174354,6655,4645,3102,3089,4628,4629,2052,108,5,10,11,SUPPORT,41,0,81927,3508,6676,6691,3036,6673,0,2052,64,11,26,16,SUPPORT,96,0,144953,3153,3124,3006,6672,3091,6673,2052,83,11,18,17,SUPPORT,518,0,83553,3040,6655,3157,3158,4645,1058,2052,49,9,36,10,SUPPORT,74,0,165668,6653,3020,4645,3135,3089,3165,0,112,20,17,11,SUPPORT,105,0,90817,3152,3100,3157,3135,3020,3165,2052,58
ARAM,False,9,24,9,SUPPORT,103,0,66001,6655,4645,3020,3102,4630,1026,2052,29,11,23,17,SUPPORT,11,0,61925,3124,3006,3153,6672,0,0,2052,34,3,20,10,SUPPORT,887,0,33635,2051,3047,3113,4633,3115,3108,2052,22,12,15,12,SUPPORT,41,0,51652,3508,3158,6691,3071,3134,3133,2052,36,13,20,7,SUPPORT,51,0,83548,6691,6696,3006,6676,3036,0,2052,63,2,47,9,SUPPORT,497,0,26732,3121,6667,3111,3083,3076,0,2052,11,13,35,9,SUPPORT,61,0,58003,6655,4645,3020,3089,4630,1026,2052,23,14,20,8,SUPPORT,35,0,61717,6653,4637,3020,4645,1058,0,2052,31,13,35,13,DUO,59,0,69529,6630,3091,3047,3153,3133,1031,2052,65,13,16,9,SUPPORT,141,0,64289,3177,6691,1031,3158,6696,3161,2052,57
ARAM,False,15,16,9,SUPPORT,126,0,55040,3042,3111,6692,6694,3133,1036,2052,29,11,23,11,SUPPORT,104,0,50301,6692,6676,3006,3036,1053,1038,0,32,4,22,7,DUO,51,0,63632,6691,3006,6672,3094,1036,1018,2052,63,6,18,9,SUPPORT,22,2,36954,6672,3085,3006,3031,0,0,2052,34,5,21,5,SUPPORT,78,0,27396,2051,6665,3070,3111,4401,1029,0,19,12,13,8,SUPPORT,101,0,48574,6655,4645,3020,1058,0,0,0,18,4,26,10,SUPPORT,12,0,30614,6665,3068,3047,3075,3082,3082,0,27,12,12,8,SUPPORT,39,0,46336,3153,3074,3047,6665,0,0,2052,55,4,12,9,SUPPORT,82,0,26570,3075,4637,3047,0,0,4633,2052,16,9,19,6,DUO,498,0,70094,6672,2031,3006,3072,6675,0,0,65
ARAM,False,12,27,13,SUPPORT,53,0,54395,6655,3089,3158,1052,1058,3157,0,33,23,22,16,SUPPORT,11,0,101955,3006,3153,3124,6333,3074,6672,0,57,5,36,12,SUPPORT,79,0,47958,6655,4629,3158,3089,3191,1033,2052,21,15,28,11,DUO,18,0,106200,6675,3006,3087,3036,3094,1053,0,81,15,28,6,SUPPORT,101,0,73664,6653,4628,3020,4645,3089,1052,0,43,11,27,11,SOLO,31,0,33766,6665,3111,2031,3083,3075,1057,2052,15,8,30,18,DUO,30,0,96929,3116,4637,6653,3165,4630,1001,2052,91,14,26,14,SUPPORT,96,0,85062,3006,3085,3124,3091,3153,1043,0,52,21,15,12,SUPPORT,360,0,90795,3111,6673,3031,3072,6676,3036,0,66,4,21,15,SUPPORT,121,0,34871,3042,6691,3158,6676,3133,0,0,17
ARAM,True,18,19,5,SUPPORT,35,0,34241,6653,4637,3158,3165,3089,0,2052,17,7,41,6,SUPPORT,161,0,76329,3112,6655,3070,3020,4645,1052,0,54,16,25,13,SUPPORT,14,0,92717,3084,3068,3047,3083,3075,1028,2052,74,3,30,11,SUPPORT,17,0,34940,6653,4637,3020,3165,0,0,2052,22,16,20,8,SUPPORT,254,0,57507,6691,6676,3006,6693,3508,0,2052,49,20,13,11,SUPPORT,55,0,62476,4633,3157,3115,3111,3102,3145,2052,22,3,30,14,SUPPORT,412,0,25564,6665,3111,2031,4401,3083,0,2052,10,5,21,10,DUO,203,0,84798,3031,3072,3006,6672,0,0,2052,74,5,26,8,SUPPORT,15,0,75697,6672,3006,6675,3072,1018,0,0,68,10,15,17,SUPPORT,200,0,36867,3124,6672,3047,3072,1033,1043,0,23
ARAM,True,17,33,12,DUO,110,0,139823,3124,3006,3085,3091,3153,3115,0,117,15,32,18,SUPPORT,17,0,88900,6653,3115,3111,3165,4637,3089,2052,36,31,23,14,DUO,85,0,153340,3165,3135,4636,3089,4629,3157,2052,89,7,39,19,SUPPORT,26,0,68486,3157,4628,3020,3089,6655,3108,2052,35,11,39,8,CARRY,115,0,168904,6653,3102,3020,4637,3135,4645,2052,108,13,9,13,SUPPORT,13,0,131236,6655,4645,3040,3089,4629,3020,0,92,21,21,14,SUPPORT,7,0,102196,3157,6655,3020,3135,4645,3089,2052,72,14,31,16,SUPPORT,143,0,163279,6655,3116,3020,3089,4637,3165,2052,110,13,21,20,SUPPORT,114,0,89378,6632,3111,3156,6333,3161,3074,2052,60,10,30,18,SOLO,98,0,56965,3111,3083,3748,3084,3065,4401,2052,34
ARAM,True,11,24,3,SUPPORT,43,0,37646,3040,3020,2031,6653,4645,0,2052,19,24,11,4,SUPPORT,202,0,84180,3095,3009,6676,3031,6696,1036,2052,59,4,36,4,SUPPORT,37,0,16653,6617,3158,3040,3107,0,0,2052,10,4,26,6,SUPPORT,22,2,57765,3070,3086,3153,3006,3124,1043,2052,59,6,23,6,SUPPORT,136,0,63947,6653,3116,3020,3003,1028,0,0,56,4,7,10,SUPPORT,55,0,18478,6632,3145,3115,1058,0,3020,2052,10,4,9,7,DUO,29,0,52566,3124,3006,6672,1036,3085,0,2052,76,6,7,14,SUPPORT,63,0,48757,1058,4637,6653,3020,1058,0,2052,45,2,13,11,SUPPORT,15,0,61074,3087,3006,6675,6672,1036,0,2052,61,7,10,7,SUPPORT,99,0,34442,6655,4645,3020,3089,1052,0,2052,17
ARAM,False,5,16,7,SUPPORT,518,0,47341,6655,4645,3020,4630,1026,0,2052,38,7,13,9,SUPPORT,91,0,34102,6691,6696,3158,6693,0,0,0,20,3,16,10,SUPPORT,77,0,29648,6665,3111,3070,4637,6660,0,0,20,14,6,9,SUPPORT,360,0,33840,6691,6676,3111,1037,1053,0,0,30,2,18,6,SUPPORT,83,0,43253,3070,6694,6691,3158,1036,1036,2052,41,12,15,6,SUPPORT,122,0,40047,6631,3742,6333,3111,0,0,2052,36,7,20,7,SUPPORT,41,0,83066,3508,6675,3158,3134,1018,0,2052,55,3,24,2,SUPPORT,103,0,53704,3020,2420,2031,6655,3089,0,2052,39,12,16,8,SUPPORT,31,0,55924,3084,3083,3047,4401,6660,1029,2052,38,7,15,8,SUPPORT,54,0,28304,6655,4645,3020,4630,1026,0,2052,13
ARAM,True,10,19,10,SUPPORT,112,0,45505,6655,4645,3020,3089,1052,1029,0,36,7,22,11,SUPPORT,30,0,54006,3020,6655,4645,3089,4630,0,2052,31,8,22,8,DUO,22,0,62550,3070,6672,3153,3006,3124,1043,0,74,15,22,11,SUPPORT,81,0,48746,3508,3158,3042,6691,3074,0,2052,22,9,12,9,SUPPORT,54,0,45671,4636,4628,3020,4645,3108,0,0,40,13,7,11,SUPPORT,84,0,30584,3157,4645,3152,0,0,3020,0,14,14,9,6,SUPPORT,21,0,77482,6691,6672,6696,3035,3133,3006,0,75,3,17,10,SUPPORT,143,0,25458,6653,3116,3020,1011,1026,1052,0,22,11,13,10,SUPPORT,222,0,43732,6691,6696,3006,3153,1036,0,0,34,8,25,12,SUPPORT,29,0,53085,3006,3085,3153,3031,1043,1018,2052,32
ARAM,True,4,29,3,SUPPORT,45,0,39288,6655,2031,3070,3020,3145,1058,2052,36,18,14,11,SUPPORT,254,0,34995,6691,6676,3111,3508,1036,0,2052,13,19,21,9,SUPPORT,55,0,46288,6632,3153,3111,3133,1031,1037,2052,19,4,21,5,SUPPORT,711,0,24686,6653,4645,3020,0,0,0,2052,26,7,23,2,SUPPORT,54,0,24523,3084,3068,3111,3076,0,0,2052,26,7,9,11,SUPPORT,84,0,23340,3152,1058,4645,0,0,3020,2052,12,3,11,10,SUPPORT,57,0,17551,3020,1058,6653,1058,0,0,2052,8,12,8,9,SUPPORT,76,0,25345,6655,4645,3020,1058,1058,0,2052,12,5,6,10,SUPPORT,58,0,10714,6630,3071,1001,0,0,0,2052,11,3,12,12,DUO,119,0,28166,6691,6676,3006,1018,0,0,2052,29
ARAM,True,8,23,9,DUO,22,0,84521,3124,3006,6672,3036,3153,1033,0,79,16,20,11,SUPPORT,103,0,78999,3040,6653,3112,3020,4637,3100,0,52,1,43,8,NONE,902,0,16710,3107,3158,3040,6616,6617,3916,2052,14,20,23,12,SOLO,86,0,85592,6631,3742,3111,3071,3156,3075,2052,37,10,24,9,SUPPORT,17,0,66048,6653,3115,3157,4637,3020,0,2052,46,4,26,10,SOLO,79,0,50734,4636,4629,3157,1028,3020,1052,2052,26,12,19,13,SUPPORT,136,0,90057,6653,3040,3020,3116,4637,1058,2052,87,15,11,13,SUPPORT,121,0,70454,3158,3177,3042,6691,6676,6694,2052,46,9,26,9,SUPPORT,51,0,124991,6691,3042,6696,6694,3134,3158,2052,91,9,18,10,SUPPORT,82,0,57938,4633,3065,3111,3075,3083,6660,0,46
ARAM,False,16,36,12,CARRY,161,0,166175,6653,3135,4628,3020,4645,3089,2052,95,9,29,22,SUPPORT,266,0,79712,3111,6694,6691,3071,6333,3156,2052,37,13,26,17,DUO,127,0,113679,3157,4645,3020,3089,4637,6655,2052,65,24,31,18,SUPPORT,64,0,141837,6691,6693,3158,6676,3814,3074,2052,66,15,43,15,DUO,14,0,121716,3084,4401,3083,3065,3075,3068,2052,86,25,26,15,DUO,157,0,256039,6673,3031,6672,3072,6333,3153,0,151,19,40,19,SOLO,136,0,205258,6653,4637,3158,3135,3089,3116,2052,119,10,41,13,DUO,518,0,130072,6653,3020,3157,4645,3165,3089,2052,63,15,32,16,SUPPORT,420,0,102403,6632,6333,3133,3065,3075,3053,2052,40,15,34,15,SOLO,76,0,61988,4636,3089,3040,3135,4645,3020,2052,18
ARAM,True,1,35,9,SUPPORT,22,0,60823,3042,4005,3158,6691,3133,3035,2052,34,18,13,8,SOLO,555,0,35067,6691,6696,3158,6693,3133,1031,2052,9,10,26,9,SUPPORT,45,0,96402,6655,3102,3040,3020,4645,1058,0,73,13,12,18,SUPPORT,91,0,62716,6691,6676,3158,6696,6694,3134,0,44,12,20,6,DUO,82,0,90358,6665,3047,1011,3116,3075,3110,0,94,14,17,8,DUO,236,0,85198,3070,3085,3031,6672,3153,3133,0,79,2,27,16,SUPPORT,1,0,33713,2420,4645,6655,3135,3020,1052,2052,15,3,36,9,SUPPORT,117,0,20985,6617,3107,3040,3504,3158,3076,2052,9,14,14,15,SOLO,360,0,63300,6691,3153,3156,3051,6676,3111,2052,43,17,23,6,DUO,99,0,114520,3112,6655,3040,3020,4645,3089,2052,86
ARAM,True,12,47,16,DUO,25,0,104635,6653,3116,3157,3020,4637,3089,2052,68,25,11,15,DUO,91,0,100363,6691,6676,3156,6693,3814,6694,2052,66,12,36,16,SUPPORT,45,0,108789,6655,3135,3040,3020,4645,1058,0,55,13,31,16,DUO,19,0,98050,3153,6665,3111,6333,3748,3076,2052,48,11,36,9,DUO,154,0,82646,3066,3111,6665,3075,3065,1057,0,50,20,22,15,DUO,238,0,88884,6691,3158,3071,6696,6694,3814,2052,43,12,37,11,DUO,96,0,105647,4633,3115,3020,4645,3089,4629,2052,65,17,23,14,SUPPORT,76,0,77899,6655,4628,3020,3135,4645,3089,2052,25,3,39,16,DUO,22,3,118540,6672,3078,3006,3153,3036,3051,2052,109,20,23,17,SUPPORT,80,0,84954,6691,6676,6694,3156,3161,3075,2052,50
ARAM,True,14,16,8,SUPPORT,876,0,53168,6653,3116,4637,3020,3157,0,2052,53,14,16,8,SUPPORT,18,0,66501,3031,6672,3006,3094,1018,3035,2052,59,4,22,13,SUPPORT,15,0,52195,3087,3072,6675,1018,0,0,0,53,5,33,8,SUPPORT,4,0,70799,6655,3100,3115,1058,0,0,2052,42,9,19,6,SUPPORT,223,0,27412,3084,3068,3111,3075,1033,1028,2052,23,9,19,7,SUPPORT,96,0,78740,3006,3085,3124,3153,1043,1018,2052,68,9,21,14,SUPPORT,32,0,39927,6665,3065,3075,4401,0,0,2052,10,9,18,14,SUPPORT,21,0,66350,3031,3153,3036,1053,0,0,2052,55,4,26,3,SUPPORT,76,0,34895,6653,1052,4637,0,0,0,2052,15,12,12,8,SUPPORT,23,0,59984,3087,6672,3091,3006,3086,3051,2052,56
ARAM,False,13,7,11,SUPPORT,555,0,19519,3158,6691,6696,6676,0,0,2052,7,11,12,7,DUO,29,0,45652,6670,3006,3124,3085,1053,1043,0,44,2,13,5,SUPPORT,238,0,23870,3156,3814,6695,0,0,0,0,28,3,9,5,SUPPORT,13,0,24976,6657,3113,3070,3020,1028,3108,2052,15,3,15,9,SUPPORT,75,0,28807,6632,3111,4401,0,0,0,0,28,8,18,8,SUPPORT,64,0,28680,6692,6676,3047,3133,3067,1036,2052,17,18,10,7,SUPPORT,166,0,49591,6672,3006,3124,3153,3086,0,2052,42,4,26,4,SUPPORT,115,0,44303,6655,4645,3020,1058,0,0,2052,29,3,19,9,SUPPORT,89,0,13480,2051,6665,3111,3068,0,0,2052,6,4,21,4,SUPPORT,143,0,44008,6653,3116,3020,1052,1011,1026,0,46
ARAM,True,23,20,8,DUO,236,0,88279,6672,3111,6675,3036,3153,3086,2052,77,6,34,7,SOLO,427,0,36447,6653,3116,3089,1052,0,0,2052,16,13,31,9,SUPPORT,33,0,65879,3075,8020,3068,3111,3084,0,2052,45,5,48,2,NONE,99,0,74993,6655,4645,3020,3135,3108,3145,0,50,11,28,6,SUPPORT,3,0,61158,6655,4645,3111,4637,1057,0,2052,40,8,12,9,SUPPORT,235,0,58411,6692,6676,3006,3153,6670,1043,0,38,4,16,9,SUPPORT,26,0,79916,6655,4628,3157,3158,0,0,0,62,13,10,12,SUPPORT,82,0,74696,6665,3111,4637,3065,3075,1026,0,44,3,7,14,SOLO,121,0,26837,3042,6676,6691,3158,1036,1036,2052,9,4,16,14,SUPPORT,32,0,43593,6665,3111,3145,3068,3075,1033,0,36
ARAM,True,16,12,8,SUPPORT,20,0,45632,4636,4645,3020,1058,1058,0,0,31,2,13,6,SUPPORT,26,0,23097,6655,4629,3158,0,0,0,2052,24,6,15,3,SUPPORT,110,0,39899,3177,6691,3070,3006,3085,1043,0,39,9,14,4,SUPPORT,126,0,30646,6691,6676,3158,3070,3133,0,2052,28,2,16,3,SUPPORT,427,0,12790,6653,1011,3020,1026,1052,0,2052,8,3,9,5,SUPPORT,145,0,14342,3006,3070,6655,1026,1042,3108,2052,4,3,12,7,SUPPORT,888,0,7970,2065,3070,0,6696,3158,0,2052,6,8,12,5,SUPPORT,99,0,23497,6655,1058,3020,1058,0,0,0,17,4,6,9,SUPPORT,1,0,27211,6653,3003,3020,1052,0,0,2052,28,6,8,9,DUO,29,0,30893,6672,3085,3006,1053,1038,0,2052,35
ARAM,True,5,17,3,SUPPORT,142,0,28000,6655,4645,3020,0,0,0,2052,19,3,13,2,SUPPORT,117,0,14566,6657,3067,3020,3070,0,0,0,17,5,10,2,SUPPORT,246,0,17361,3177,6691,3070,3111,3134,0,2052,22,7,11,2,SUPPORT,26,0,37323,6655,1028,3020,3070,0,0,2052,34,5,9,3,SUPPORT,27,0,14969,6665,3070,3047,1026,1052,0,2052,9,1,6,4,SUPPORT,166,0,17560,6672,1042,3006,1052,1042,0,0,28,5,3,5,SUPPORT,777,0,27275,3006,3031,3087,1036,0,0,0,25,3,6,2,SUPPORT,145,0,23815,2031,6655,3070,3145,0,0,2052,32,2,5,8,SUPPORT,221,0,15558,3087,2003,3006,1018,0,0,0,9,1,7,6,SUPPORT,412,0,8831,2051,6665,3070,1001,0,0,2052,12
ARAM,False,3,27,5,SUPPORT,350,0,23600,1052,1052,1052,1052,1052,1052,2052,4,7,10,9,SUPPORT,2,0,15286,6630,3065,3047,1053,1043,0,2052,10,9,15,9,DUO,498,0,71761,6672,3006,6675,3046,1042,0,2052,74,10,13,12,SUPPORT,121,0,20199,3042,6694,6691,3158,3134,0,2052,9,5,22,6,SUPPORT,432,0,35418,3087,3020,4636,3094,0,0,2052,32,8,21,5,SUPPORT,202,0,43213,6691,6696,3009,6676,0,0,2052,37,5,26,5,SUPPORT,147,0,45785,6655,3116,3020,1058,0,0,2052,27,20,16,6,SUPPORT,429,2,66148,3006,3153,3124,6673,3035,1018,2052,53,5,14,9,SUPPORT,19,0,29567,3076,1028,1033,3047,3153,3084,2052,39,3,19,9,SUPPORT,27,0,30322,6657,3111,3116,4637,0,0,2052,23
ARAM,True,8,23,10,SUPPORT,221,0,93950,3006,6675,3087,6673,1036,1036,0,94,14,18,11,CARRY,114,0,40339,6632,6333,3047,3053,3133,1037,2052,19,5,40,3,SUPPORT,350,0,25491,6617,6616,3222,3040,3916,3107,2052,1,9,30,11,DUO,15,0,153167,6675,3087,3006,3072,3036,1036,2052,129,12,23,6,SUPPORT,25,0,67679,6653,4637,2421,3116,3020,3191,0,33,7,29,7,SUPPORT,99,0,88669,3112,6655,3040,3089,4628,0,2052,58,15,17,12,SOLO,31,0,54110,3084,3083,3047,3075,4401,3105,2052,24,10,20,11,DUO,21,0,124657,6672,3031,3006,3087,3036,1038,2052,119,5,23,11,SUPPORT,238,0,68133,3074,3158,3067,6691,6694,3133,0,42,4,21,7,SUPPORT,498,0,42852,3184,6675,3006,6672,1053,1038,2052,45
ARAM,False,5,30,12,SOLO,113,0,37628,6665,3083,3047,3075,3082,1027,2052,20,20,16,15,SUPPORT,131,0,77536,3157,3115,3152,4645,4401,3020,2052,38,20,24,19,SUPPORT,64,0,83954,6691,6693,3158,6696,6676,3814,2052,25,11,35,15,DUO,222,0,133435,6672,3085,3031,3072,3156,0,2052,105,11,24,7,SUPPORT,102,0,117703,4636,3020,4628,4645,1058,1058,0,81,24,28,12,DUO,236,0,135756,6671,6672,3111,3072,3036,3153,2052,106,2,52,12,SUPPORT,37,0,36706,6617,3158,3107,6616,3040,3011,2052,25,25,19,13,SOLO,103,0,117670,6655,4628,3157,3135,3089,3020,2052,65,5,31,19,SUPPORT,518,0,66020,6655,3157,3020,4645,4630,1026,2052,32,12,26,11,SUPPORT,54,0,68219,4636,3089,3157,3020,4645,1052,2052,33
ARAM,False,11,18,8,SOLO,45,0,91471,6657,3040,3135,3020,3089,0,0,93,1,27,13,SUPPORT,12,0,29824,2051,6667,3121,3111,3075,0,2052,7,12,22,9,DUO,103,0,89295,3191,3135,6656,3020,3165,4645,0,49,9,9,11,NONE,29,0,34684,6672,3085,2003,3006,3153,3035,2052,14,5,22,9,DUO,57,0,58625,6653,4637,3020,3165,4630,0,0,38,9,18,8,SUPPORT,236,0,62280,6672,3111,3508,6675,3035,1018,0,60,13,22,11,SUPPORT,120,0,85900,3042,3161,6691,3158,3065,1053,0,48,3,29,7,SUPPORT,111,0,23793,2051,6665,3121,3111,4401,0,0,9,6,36,8,CARRY,44,0,31574,6665,3067,3121,3047,3075,3211,0,20,19,26,4,DUO,136,0,119920,3116,2031,3040,6653,4637,2422,0,123
ARAM,True,10,30,20,SUPPORT,53,0,68871,6655,4645,3020,3089,4628,1026,2052,26,10,27,15,SOLO,7,0,91272,3087,3508,3095,3158,3094,3031,2052,53,16,28,13,SUPPORT,145,0,76159,6655,3087,3006,3115,6672,3036,2052,34,7,43,8,SUPPORT,57,0,71723,6665,3111,3801,3068,3065,3075,2052,38,34,21,11,DUO,950,0,112217,6691,6676,3071,6693,3814,6696,2052,76,9,30,12,CARRY,74,0,176018,3157,4637,3020,3089,6653,4645,2052,126,15,17,19,SUPPORT,24,0,89396,6632,3153,3111,3161,3091,6333,2052,37,18,14,20,CARRY,555,0,46004,6691,6676,6696,6693,3814,3158,2052,15,14,33,10,SUPPORT,76,0,85056,6655,4628,4645,3020,3089,0,2052,27,11,20,16,SUPPORT,84,0,103727,2421,3089,3020,4636,3100,4645,2052,40
CLASSIC,True,2,21,9,SOLO,16,25,299607,3083,3158,3087,6653,3165,3089,3340,297,13,36,9,NONE,154,65,344688,3065,3158,3143,3075,6667,3068,3340,64,22,15,10,SOLO,157,34,378944,3031,3006,6672,6673,6333,3026,3340,265,20,16,9,CARRY,163,26,346690,3020,3040,3157,6655,4645,3135,3364,264,8,24,17,SUPPORT,63,64,237508,6653,3020,3157,4637,3089,3116,3340,89,15,16,12,SUPPORT,99,109,302439,3165,3020,6655,4645,3089,4628,3340,139,8,11,10,SOLO,420,26,425172,6632,3047,3075,3065,3071,6333,3340,356,4,17,12,NONE,233,20,483117,3071,6630,3111,3053,6333,3153,3340,111,13,12,11,SOLO,45,40,556938,4645,6655,3089,3020,4628,3165,3340,342,14,12,20,CARRY,360,57,312638,6673,3111,6676,3031,3072,3036,3363,193
ARAM,False,21,16,23,SOLO,517,0,64563,3158,4645,4636,3089,3135,3157,2052,21,7,25,15,SUPPORT,81,0,97915,3078,3158,3042,6694,6676,3074,2052,40,5,19,20,SUPPORT,221,0,124250,3094,6675,3087,3085,3036,1038,2052,87,26,25,14,SUPPORT,21,0,206606,6691,6696,6695,6676,3814,6694,2052,125,11,27,12,DUO,63,0,168580,6653,3145,3089,3020,3102,3165,2052,98,25,16,18,SUPPORT,105,0,92936,6655,3089,3157,4645,3135,3100,2052,43,22,32,15,SUPPORT,4,0,150336,6655,3094,3020,3100,3089,3135,2052,69,6,54,7,SUPPORT,16,0,45702,3083,6617,3121,3158,3065,4401,0,25,18,26,17,SUPPORT,103,0,104995,6655,3157,3020,3089,3102,3165,0,72,13,32,13,DUO,498,0,157962,6672,6675,3153,3072,3036,3046,2052,137
ARAM,False,1,11,6,SUPPORT,267,0,17002,6617,3158,3040,1004,0,0,2052,18,1,8,8,SUPPORT,22,1,20839,3153,2031,3006,1018,1043,0,2052,21,4,6,9,SUPPORT,236,0,22876,3508,6675,2422,1042,0,0,2052,31,1,7,9,SUPPORT,106,0,16939,3084,3068,2031,0,0,0,2052,18,10,4,8,SUPPORT,35,0,23817,6653,4645,3020,1011,1052,0,2052,11,15,21,5,SUPPORT,51,0,54221,6691,6676,3006,3134,3133,0,2052,24,4,25,2,SUPPORT,161,0,39080,6653,3145,3020,0,0,0,0,17,11,21,3,SUPPORT,64,0,30088,6630,3133,3111,1031,0,0,2052,29,4,14,4,SUPPORT,82,0,30265,4633,3065,1001,1042,0,0,2052,34,6,22,3,DUO,21,0,49475,6691,3134,3006,1037,0,0,2052,55
ARAM,False,3,26,12,SUPPORT,37,0,17043,6617,3158,3040,6616,3114,0,2052,12,7,13,15,SUPPORT,80,0,41905,6691,6333,3047,6676,1036,1036,2052,31,13,13,10,SUPPORT,28,0,39078,3020,2031,3152,3089,3135,4632,0,24,9,12,10,SUPPORT,8,0,46143,3157,3158,3152,4629,4630,0,2052,28,5,24,8,SUPPORT,888,0,40264,3040,3047,6653,3116,0,0,0,27,14,21,11,SUPPORT,55,0,63498,3115,4633,3020,4645,1058,0,2052,31,2,29,8,SUPPORT,89,0,19378,3105,3084,3083,3111,1029,1033,2052,10,16,19,8,SUPPORT,64,0,42168,6691,6676,3111,6696,3071,0,2052,28,9,39,5,SUPPORT,235,0,48909,3094,3006,3124,6672,3042,0,2052,35,14,27,6,DUO,498,0,81227,6675,6672,3006,3072,3035,1018,0,65
ARAM,False,7,9,10,SUPPORT,69,0,38514,3040,3116,6657,1058,1058,0,0,32,4,19,10,DUO,4,0,67484,3124,3115,3006,3094,0,1033,0,78,19,14,15,SUPPORT,80,0,51465,6692,6676,3111,3156,3071,3133,2052,13,8,14,12,SUPPORT,113,0,32981,3084,3083,3047,3075,3082,3024,2052,13,1,16,10,SUPPORT,420,0,64116,6665,3111,6672,3051,1033,0,0,46,7,28,12,SUPPORT,127,0,46201,6655,3191,4645,3020,3108,0,0,37,15,32,6,SUPPORT,235,0,38368,3042,6676,6692,3153,1042,0,2052,25,10,27,5,SUPPORT,60,0,55394,6655,3100,3020,4645,1026,0,2052,32,19,17,7,SUPPORT,45,0,89497,6655,3040,3089,3020,3108,3191,2052,60,6,35,10,SUPPORT,110,0,59834,3070,3006,3124,6694,3085,0,2052,33
ARAM,False,0,0,0,SUPPORT,30,0,0,0,0,0,0,0,0,2052,0,1,1,2,SUPPORT,51,0,4031,3086,2015,1001,0,0,0,0,7,1,2,1,SUPPORT,43,0,3655,0,0,2031,0,3802,1001,2052,2,1,2,1,SUPPORT,119,0,2716,3057,0,3134,0,0,0,2052,3,1,3,0,SUPPORT,876,0,2328,3802,0,1001,0,0,0,2052,1,1,3,1,SUPPORT,61,0,3095,3802,0,1001,0,0,0,2052,6,1,1,0,SUPPORT,34,0,2320,3802,0,1001,0,0,0,2052,3,1,3,1,SUPPORT,555,0,4010,3134,1036,1001,0,0,0,2052,4,0,3,0,SUPPORT,96,0,2984,1001,1036,1043,0,0,0,2052,7,1,1,2,SUPPORT,35,0,1317,3802,1001,1052,0,0,0,2052,0
ARAM,True,34,6,12,SUPPORT,80,0,70334,6691,6676,3047,6333,3153,3071,2052,16,3,43,3,SUPPORT,44,0,33408,6665,3068,3121,0,0,3047,2052,29,7,26,7,SUPPORT,81,0,62262,3177,3070,3158,6632,6694,1036,2052,38,6,34,4,SUPPORT,99,0,86030,3112,6655,3070,3020,4628,4630,0,73,7,30,7,SUPPORT,120,0,55284,6333,6632,3070,3047,3053,0,2052,49,5,19,12,SUPPORT,117,0,33953,6653,3087,3020,4645,0,0,2052,27,2,24,14,SUPPORT,240,0,33196,3084,3068,1028,3077,3111,1011,2052,16,7,14,9,SUPPORT,41,0,64675,3508,3158,6675,6676,1018,1036,2052,22,3,8,13,DUO,200,0,40170,3184,3158,3078,6673,1043,1018,2052,54,16,11,9,SUPPORT,222,0,55132,6696,3042,3158,6691,6676,1053,2052,30
ARAM,True,2,38,8,SUPPORT,16,0,25678,6617,3083,3040,3158,3011,0,0,16,19,26,15,NONE,85,0,88893,3089,3157,4629,6670,3158,3152,2052,47,6,21,21,SUPPORT,266,0,37611,6691,6333,3111,3153,1036,1028,2052,23,21,15,14,SOLO,39,0,100998,3153,6333,3111,6632,3156,3074,2052,74,18,22,9,CARRY,35,0,76652,6653,4645,3020,3089,4628,1052,2052,42,20,25,14,SUPPORT,238,0,84267,3074,3158,6694,6691,3071,3134,0,42,10,33,15,SUPPORT,360,0,69263,6691,3072,3111,6676,6673,0,2052,41,9,42,12,SUPPORT,45,0,112744,6655,3191,3040,3020,3089,4645,2052,81,10,32,10,SUPPORT,518,0,98972,6655,3089,3020,3135,4645,3108,2052,49,18,22,15,SOLO,555,0,38001,6691,3111,6693,3177,6676,6694,0,9
ARAM,True,3,29,12,SUPPORT,110,0,66568,3124,3006,3085,3091,1053,1043,0,44,11,23,14,SUPPORT,157,0,117952,3006,3031,6672,3072,6333,0,2052,83,14,24,11,DUO,18,0,108049,6672,6675,3006,3072,3036,0,2052,77,17,23,8,SUPPORT,86,0,75956,3084,3068,3111,3083,4401,3075,2052,45,7,36,6,SOLO,888,0,35745,3158,3107,2065,3040,3504,3916,2052,9,7,26,12,SUPPORT,887,0,78987,3157,4645,3047,3115,4633,0,2052,46,14,18,15,SUPPORT,254,0,71911,6691,3071,3047,6333,3053,3076,0,32,8,19,10,SUPPORT,555,0,27814,6696,6691,3158,6676,3814,0,2052,13,10,33,7,DUO,69,0,81855,3040,6657,2031,3116,4637,3135,2052,35,12,18,9,CARRY,81,0,135543,6675,3508,3042,3158,6694,3074,2052,105
ARAM,False,7,14,18,SUPPORT,523,0,95381,6672,3072,3085,3036,1001,0,2052,73,5,16,11,SUPPORT,119,0,62329,3057,3006,6676,3072,3094,0,0,41,8,14,14,SUPPORT,498,0,54729,6675,6676,3033,3006,3086,3051,0,35,13,14,8,SUPPORT,6,0,93877,3071,3748,3111,3084,3083,0,2052,70,7,11,12,SUPPORT,53,0,52961,6655,4628,3158,4645,4630,0,0,20,15,20,6,SOLO,99,0,50306,6655,3089,3020,4628,1058,0,2052,28,8,44,6,SUPPORT,902,0,48474,6653,3020,4645,3089,4005,1052,0,35,15,30,12,SUPPORT,36,0,89225,3084,3075,3111,3068,3065,1057,2052,69,7,33,8,SUPPORT,115,0,74441,6653,3020,1026,4637,3089,4630,0,51,18,24,9,SUPPORT,82,0,70247,3075,3047,6665,3116,4637,3191,0,35
ARAM,True,5,32,5,SUPPORT,16,0,23745,2051,6617,3083,3121,3158,0,2052,12,7,30,15,SUPPORT,53,0,43341,6655,3020,4645,3135,1058,0,2052,6,8,31,6,SOLO,113,0,67571,6665,3083,3067,3047,3068,3070,2052,28,19,15,8,DUO,222,0,106690,6691,3006,6672,3094,3036,3072,0,86,11,26,9,DUO,157,0,99816,3006,6675,3087,6673,3153,1031,2052,81,11,14,11,DUO,950,0,63142,6691,6693,3111,6694,3814,3067,2052,71,7,23,9,SUPPORT,64,0,66908,3177,6333,6630,3047,3156,3133,2052,56,9,26,14,SUPPORT,77,0,74340,4637,6665,3047,3089,3076,1028,2052,26,5,21,9,SUPPORT,117,0,23436,6670,3158,6617,1028,3089,3135,2052,17,11,24,7,CARRY,101,0,92533,6653,4628,3020,3165,1058,1058,2052,46
ARAM,False,15,31,13,DUO,90,0,178659,3165,3135,3020,6653,4645,3089,2052,149,12,37,12,SUPPORT,113,0,68855,6665,3111,3083,4401,3110,8020,0,19,16,34,14,SOLO,498,0,150330,6672,6675,3006,3072,6673,3033,0,77,7,40,11,SUPPORT,119,0,98493,3124,3036,3072,3094,3006,6673,0,65,26,33,9,SUPPORT,29,0,150316,3006,3031,6672,3085,3153,3072,0,85,10,28,16,DUO,10,0,224874,4633,6672,3115,3153,3089,3091,2052,162,8,17,24,DUO,23,0,61105,3084,1053,3006,3153,3046,6672,2052,19,13,10,20,DUO,555,0,44413,6691,6693,3158,6676,6694,6333,2052,21,18,29,8,SUPPORT,99,0,220054,6655,4645,3020,3089,4628,4637,2052,116,10,30,8,SUPPORT,22,16,166429,3158,4005,3042,6653,6696,6609,2052,78
ARAM,False,10,23,11,DUO,10,0,114966,3124,3006,3153,3115,3091,0,0,80,9,14,13,SUPPORT,555,0,20905,6696,6691,3158,6694,3134,1036,0,6,11,18,14,SUPPORT,141,0,86826,3042,3111,3074,3067,3133,3142,2052,50,12,21,15,SUPPORT,122,0,63626,3742,3071,6630,6333,0,0,0,37,3,23,10,SUPPORT,32,0,36263,6665,4401,3111,3065,1006,0,0,26,17,38,8,SUPPORT,103,0,58179,6655,4645,3020,3089,3135,0,2052,20,7,41,5,SUPPORT,154,0,42764,2051,3047,6667,3068,3075,1029,2052,23,21,28,7,DUO,90,0,104257,2421,4637,3020,3116,3089,6653,2052,106,13,20,12,SUPPORT,79,0,56390,3116,3089,4636,3100,0,0,2052,32,5,34,13,SUPPORT,526,0,24261,6665,3111,3083,3068,3076,1028,2052,14
ARAM,False,0,14,11,SUPPORT,12,0,9538,6665,3111,2031,1031,6660,0,2052,10,3,14,9,DUO,18,0,56605,6672,6675,3006,6673,1036,0,0,68,18,9,8,SUPPORT,45,0,51614,3020,3089,6655,4645,0,0,2052,24,7,17,7,SUPPORT,221,0,51909,3087,6675,3006,6673,3086,1042,2052,64,4,18,9,SUPPORT,106,0,29482,3075,3047,6632,3748,0,0,2052,31,4,26,5,SUPPORT,60,0,30139,6655,4645,3020,3135,0,0,2052,10,6,12,10,SUPPORT,80,0,24028,6691,3111,3071,3133,1031,1037,2052,11,3,33,3,SUPPORT,25,0,23572,6653,3157,3020,1026,1011,1052,0,7,12,17,10,SUPPORT,67,0,58570,3006,3124,3087,3091,1053,0,0,50,19,23,4,DUO,222,0,128962,6672,3031,3006,3094,3035,1018,2052,128
ARAM,True,10,18,21,DUO,104,0,165123,6692,3072,3071,3047,3156,3036,2052,135,6,37,13,SUPPORT,888,0,104436,2065,3040,3157,4005,3011,3111,0,75,12,23,19,SUPPORT,82,0,86755,4633,3083,4401,3065,3075,3116,2052,35,17,22,9,SUPPORT,154,0,103737,4636,3065,3020,3075,4637,3068,2052,40,16,23,10,SOLO,78,0,127190,3084,4401,3083,3075,3068,3065,2052,87,15,33,16,DUO,18,0,179042,6672,3094,3006,3046,6676,3036,2052,83,6,56,8,SOLO,16,0,62527,3065,3083,3190,3158,3121,3075,2052,15,14,39,9,SUPPORT,202,0,256516,3072,3031,3006,3085,3094,3036,2052,132,21,40,11,SUPPORT,161,0,208133,6653,3089,4637,3165,3135,4645,2052,89,16,32,17,SOLO,54,0,183192,6655,4645,3157,4629,3135,3089,2052,92
ARAM,False,8,12,11,SUPPORT,81,0,58218,6632,6694,3111,3153,1053,3077,2052,28,22,10,13,SOLO,11,0,117427,6691,3006,3091,3153,6676,3814,2052,68,5,21,13,SUPPORT,69,0,89513,6653,4637,3040,3116,1058,1058,2052,50,6,11,13,SOLO,254,0,88257,3057,3111,6691,6693,6333,3075,2052,77,2,20,9,DUO,267,0,50156,6653,3040,3020,3089,3145,1058,2052,40,16,23,9,SUPPORT,51,0,87332,3006,6691,6676,6696,6673,3035,2052,53,19,20,6,DUO,110,0,143721,3124,3006,3085,3153,6676,6672,0,124,4,20,12,SUPPORT,62,0,37971,3508,3111,6691,3067,6676,3066,0,27,8,22,8,SUPPORT,29,0,88418,6672,3085,3006,3031,3153,1018,0,87,12,28,8,SOLO,876,0,72679,3089,3020,6653,4637,3116,3113,0,32
ARAM,True,3,35,14,SUPPORT,10,0,46711,3006,3153,6672,3094,1033,1043,0,45,11,27,11,SUPPORT,112,0,74903,6653,4645,3020,3089,4630,0,0,37,20,14,10,SUPPORT,11,0,47253,6691,3153,3006,3091,6672,0,2052,27,5,22,11,SUPPORT,30,0,38979,3135,6653,3070,3020,4645,1052,0,27,12,25,4,DUO,222,0,113284,6672,3006,6691,6676,3035,1018,2052,106,7,13,10,SUPPORT,13,0,57110,6657,2031,3040,3020,3089,3082,2052,43,17,8,10,SUPPORT,141,0,52344,6691,6676,3158,6693,6694,3133,2052,37,7,19,11,SUPPORT,78,0,25855,6665,3111,4401,3068,3119,0,2052,24,10,16,9,DUO,777,0,80123,3006,3031,3087,3072,1031,3133,2052,67,9,24,11,SUPPORT,161,0,64925,6655,4645,3020,4628,3916,3145,2052,26
ARAM,False,10,15,7,SUPPORT,54,0,37085,3040,4636,4645,3020,4630,1026,2052,14,10,14,12,SUPPORT,777,0,63262,6672,3031,3006,6673,1031,0,2052,49,9,20,5,SUPPORT,221,0,65284,3087,6675,3006,3085,3035,0,2052,50,3,17,7,SUPPORT,145,0,38998,6655,3115,3070,3133,3020,1036,2052,42,5,20,5,SUPPORT,154,0,29759,3065,3047,6665,3075,0,0,2052,17,6,22,4,SUPPORT,78,0,25957,6665,3070,3047,3083,1028,1028,2052,18,3,16,7,SUPPORT,245,0,35413,3020,3152,3100,3108,3191,0,0,25,7,17,11,SUPPORT,2,0,56933,2031,6665,3074,6333,0,0,2052,42,13,15,9,SUPPORT,21,0,60893,6691,3006,6676,6696,3035,3133,2052,56,7,16,6,SUPPORT,10,0,38693,2031,3006,3124,3115,3051,1043,2052,47
ARAM,True,5,10,13,SUPPORT,2,0,31970,6665,1011,3111,3083,3077,1028,2052,23,10,23,5,SUPPORT,81,0,76343,3078,3158,3042,6694,3133,1053,2052,56,3,21,10,SUPPORT,236,0,64412,6672,3111,6675,1042,3072,1036,0,73,11,19,8,SUPPORT,63,0,69710,6655,4637,3020,3135,3145,0,2052,31,24,14,7,SUPPORT,131,0,73665,4636,4645,3020,3089,3145,3108,2052,47,5,21,7,SUPPORT,31,0,38916,3083,2031,6665,3075,3047,0,2052,28,11,16,14,SUPPORT,13,0,69626,3112,3020,3040,6655,4629,0,2052,29,13,21,7,DUO,202,0,114036,6691,6676,3158,6696,3036,3134,2052,95,5,17,14,SUPPORT,22,2,25751,6672,3078,3006,3085,0,0,0,26,9,16,11,SUPPORT,45,0,36022,6655,3089,3020,4645,4632,0,2052,23
ARAM,True,26,22,9,DUO,51,0,131901,7002,6676,3006,6696,3036,3072,2052,103,2,28,9,SUPPORT,516,0,17353,2051,7026,3070,3111,3068,1011,2052,11,10,33,8,SUPPORT,99,0,90298,3112,1058,7013,3020,4628,3135,0,57,8,24,16,SUPPORT,9,0,45524,3157,3020,6653,4637,3135,0,2052,36,9,30,6,SUPPORT,163,0,73392,7013,4645,3157,3020,1058,1058,0,44,11,14,12,DUO,75,0,63389,6632,3110,3047,3065,3193,1029,2052,59,9,17,16,DUO,104,0,87468,6692,6676,1001,3508,3036,1038,2052,64,14,19,12,SUPPORT,55,0,60272,3020,6632,3115,3153,3133,1031,2052,19,14,11,8,CARRY,18,0,107686,6672,6675,3006,3036,3072,1053,0,80,0,23,7,SUPPORT,32,0,29496,6665,3068,3111,4401,1011,2031,0,19
ARAM,False,5,32,9,SUPPORT,147,0,63492,6653,4645,3020,3165,4630,0,2052,50,6,33,7,SUPPORT,12,0,33506,3084,3068,3111,3083,3211,3067,0,25,16,28,8,SUPPORT,59,0,48742,6691,3156,6676,3111,6333,3134,0,28,3,26,11,SUPPORT,7,0,36284,6655,4645,3020,3135,1033,0,0,21,17,16,7,SUPPORT,233,0,62291,3053,6632,3111,6676,3074,0,0,42,3,15,10,SUPPORT,254,0,39937,6691,2031,3111,6676,3508,3133,0,25,7,22,7,SUPPORT,21,0,74214,6653,3165,3116,3020,4645,0,2052,59,7,18,12,SUPPORT,777,0,73924,3006,3036,3153,3087,1018,1038,2052,78,22,13,10,SUPPORT,876,0,59778,6653,4637,3165,3020,4629,4005,0,27,3,21,9,SUPPORT,36,0,52303,3084,3075,3111,3065,1029,0,0,34
ARAM,False,7,12,7,SUPPORT,13,0,30112,6657,1058,3040,3020,4629,0,2052,19,12,20,9,SUPPORT,161,0,61461,6655,4645,3020,3089,0,0,2052,34,7,19,14,DUO,15,0,88897,3087,3072,6675,3006,1018,1036,2052,78,11,16,10,SUPPORT,145,0,39229,6671,6676,2031,6672,1038,1053,2052,30,3,32,5,SUPPORT,25,0,58016,6653,3116,3020,1026,1052,1011,0,41,22,13,9,SUPPORT,21,0,72476,6691,6676,3158,6696,3094,1053,2052,48,1,32,7,SUPPORT,16,0,18894,2031,3083,6657,3211,0,3020,2052,10,10,17,5,SUPPORT,134,0,74536,6655,3089,3158,3102,3113,0,0,50,10,20,11,DUO,75,0,69769,6632,1028,3110,3065,3047,1057,0,61,2,19,8,SUPPORT,35,0,28030,6655,4645,3158,1058,1058,0,2052,27
ARAM,False,11,17,16,SUPPORT,22,6,70070,6672,3124,3006,3153,1033,3051,2052,49,11,28,8,SUPPORT,61,0,92451,6655,3089,2420,4645,3040,3020,2052,79,23,27,15,SUPPORT,64,0,79682,6691,3111,3065,6676,6696,3156,2052,32,7,16,11,SUPPORT,518,0,86603,3112,4645,6655,3020,3089,3102,0,74,8,24,12,SUPPORT,268,0,74881,6653,3115,3009,3102,4401,3145,2052,54,27,24,6,DUO,101,0,108227,3020,4628,6653,3089,4645,3135,2052,62,11,22,13,SUPPORT,876,0,54650,6653,3116,3020,4629,4637,1058,0,23,7,19,13,DUO,63,0,93564,1058,3116,1058,4637,6653,3020,0,70,2,26,16,DUO,16,0,19622,3158,6696,6617,3801,1011,3067,2052,22,15,24,12,SUPPORT,42,0,105301,3042,3087,3078,3074,3020,4645,2052,86
ARAM,False,5,21,13,SUPPORT,102,0,63997,4636,4645,3020,3089,0,0,2052,40,17,8,11,SUPPORT,121,0,37902,6691,3814,3158,6693,3134,1037,2052,33,5,28,10,SUPPORT,526,0,30384,3068,3111,6665,4401,3105,0,2052,15,6,15,13,SUPPORT,67,0,49124,3124,3006,6673,3091,1053,0,0,57,9,27,8,SUPPORT,21,0,64641,6653,4637,3020,3089,1052,0,0,51,9,28,11,SUPPORT,63,0,52698,6653,4637,3020,3116,3191,3108,2052,32,8,28,7,SUPPORT,78,0,27805,6662,3075,3047,4401,3801,1011,0,20,9,30,8,SUPPORT,45,0,75420,3157,4645,6655,4630,0,3020,0,64,7,18,10,SUPPORT,517,0,29155,4636,4629,3020,3108,3191,0,2052,16,22,28,6,DUO,235,0,76856,3094,3009,3036,6692,6672,1036,2052,64
ARAM,True,17,17,6,SUPPORT,142,0,37544,6655,4645,3020,4630,1026,0,2052,22,8,14,9,SUPPORT,254,0,15131,6691,3057,6676,3133,0,1001,2052,8,13,22,4,SUPPORT,101,0,35540,6655,3020,4630,4645,0,0,2052,26,2,17,4,SUPPORT,4,0,36141,3124,3020,2031,3094,0,0,0,36,6,21,3,SUPPORT,74,0,32323,6653,3116,3020,1011,1052,0,2052,46,4,6,9,SUPPORT,9,2,15757,3020,3157,6653,1052,0,0,3330,14,13,7,8,SUPPORT,121,0,31601,3042,3158,6691,3155,3077,0,0,23,1,6,8,SUPPORT,711,0,10319,6655,1052,3020,1058,0,0,2052,7,7,9,11,SUPPORT,115,0,27658,6653,4645,3020,0,0,0,2052,18,1,13,10,SUPPORT,51,0,21687,6672,3031,3006,0,0,0,2052,25
ARAM,True,7,22,5,SUPPORT,4,0,76206,3124,3100,3087,3020,3094,3145,2052,81,13,15,11,SUPPORT,80,0,51561,6691,6676,3156,3111,1037,3133,2052,37,11,23,8,SUPPORT,63,0,52871,6653,4637,3020,3089,1052,0,2052,22,9,16,6,SUPPORT,222,0,36791,6672,3036,3006,6671,1043,1042,2052,36,17,19,4,SUPPORT,99,0,68516,6655,4628,3020,4645,1058,1058,2052,57,8,6,12,SUPPORT,29,0,31093,3124,3115,3006,6672,1043,3086,2052,23,5,11,13,SUPPORT,161,0,52790,6655,4628,3020,4645,0,0,2052,35,2,11,10,SUPPORT,17,0,31297,6653,3115,3020,1058,1058,0,2052,17,9,10,11,DUO,81,0,91187,3177,6632,3042,3158,6694,3077,2052,89,9,16,11,SUPPORT,43,0,30263,6653,3107,3040,3158,3089,0,2052,17
ARAM,False,9,13,9,SOLO,64,0,28470,6630,6333,3111,3065,3133,3067,2052,12,9,8,8,SUPPORT,69,0,41484,3040,2031,6657,3089,3116,4630,2052,40,5,20,7,SUPPORT,126,0,53658,3042,6676,6691,3158,3156,0,2052,29,7,12,9,SUPPORT,22,1,84364,3078,6672,3085,3006,3051,1033,2052,87,3,18,7,DUO,30,0,85949,6653,4628,3020,4629,3108,0,0,83,8,13,10,SUPPORT,84,0,32192,4636,3100,3157,3916,3020,3145,2052,18,2,15,6,SUPPORT,119,0,39861,3031,3072,3006,6673,1036,1036,2052,46,8,23,5,CARRY,4,0,113257,6653,3040,3020,4637,4645,1058,2052,62,15,12,6,DUO,10,0,99130,4633,3006,3115,3085,3153,1058,2052,108,7,12,6,SUPPORT,145,0,31925,3006,3115,3124,3042,6672,0,2052,37
ARAM,True,10,25,13,SUPPORT,238,0,40132,3111,6676,6691,3072,0,0,2052,32,12,35,7,SUPPORT,876,0,58600,6653,4629,3158,1026,1011,1052,2052,34,25,26,8,SUPPORT,21,0,87670,6691,6676,3006,6696,6694,3067,2052,53,7,48,2,SUPPORT,99,0,57681,3112,3020,3070,6655,0,0,2052,49,14,39,3,SUPPORT,45,0,78636,6655,4645,3020,1058,1058,0,0,41,9,11,10,SUPPORT,23,0,38613,3084,3091,3111,3068,1057,3066,0,29,8,10,14,SUPPORT,24,0,36970,6632,3153,3047,6333,0,0,0,25,4,17,10,SUPPORT,6,0,57429,3084,3075,3047,3068,3133,1028,0,68,5,12,17,DUO,119,0,61520,3508,3031,3006,3072,3134,0,0,60,7,12,17,SUPPORT,54,0,26560,4636,4645,2420,3020,3191,3108,2052,7
ARAM,False,4,18,8,SUPPORT,711,0,30217,3020,6655,2031,4645,1058,0,0,34,7,15,9,SUPPORT,18,0,48518,6672,3006,6675,3036,1053,1042,0,40,5,22,8,SUPPORT,21,0,58563,3153,6672,3124,3006,3035,0,0,56,11,14,13,SUPPORT,360,0,47004,6691,6676,3111,3035,3153,0,2052,33,13,20,8,SUPPORT,45,0,76450,6655,4645,3020,3089,4632,3108,0,42,7,18,8,SUPPORT,89,0,21873,1029,3111,6665,3068,3083,1029,0,17,1,6,3,SUPPORT,27,0,10061,6657,3116,3111,3066,1031,1028,2052,11,8,19,8,SUPPORT,127,0,84225,3112,3040,6655,3020,4645,1058,0,73,18,16,10,DUO,103,0,94399,6655,4645,3020,3165,3089,1033,0,84,12,18,11,SUPPORT,3,0,58369,3111,3157,6656,3102,4637,1028,0,40
ARAM,False,12,17,6,SUPPORT,34,0,70233,6653,3116,3040,3020,4637,1058,0,36,9,21,15,SUPPORT,48,0,61821,6632,3111,3074,3153,3211,3067,2052,32,14,21,11,DUO,21,0,127350,6672,3006,6676,3094,3036,3072,2052,108,3,30,11,SUPPORT,22,4,68234,3177,3006,6672,3078,3153,3070,2052,54,6,22,5,SUPPORT,3,0,65719,6665,3047,3075,3068,4401,1052,2052,42,11,20,5,SUPPORT,238,0,81583,6691,3074,3158,6694,3133,3067,2052,48,6,19,6,SUPPORT,103,0,62019,6655,4645,3020,3089,1052,0,2052,30,8,17,8,DUO,13,0,137103,6657,4629,3040,3020,3110,1058,2052,115,9,20,11,SOLO,82,0,43643,4633,3047,3083,3115,1026,1011,0,30,14,17,14,SUPPORT,875,0,74997,3084,3748,3111,3053,3075,1053,2052,44
ARAM,True,12,34,14,DUO,222,0,108767,6670,3006,6691,3085,3072,3036,2052,81,10,33,17,SOLO,141,0,54694,6630,3071,3158,3053,3161,1036,2052,21,28,13,14,SOLO,119,0,101428,6676,6691,6673,3072,3036,3094,2052,58,9,45,10,SUPPORT,888,0,43133,2065,3040,3157,3011,3111,3504,2052,36,6,43,8,SUPPORT,57,0,81717,3068,3084,3067,3047,3075,4637,2052,63,11,37,6,SUPPORT,99,0,104031,6655,3089,3020,4628,4645,3916,0,61,7,37,11,SUPPORT,235,0,81962,6671,3094,3006,3153,6672,2015,2052,68,9,29,17,SUPPORT,131,0,60375,4636,3165,3020,4645,3135,0,2052,24,30,24,13,SOLO,80,0,147844,6691,6333,6676,3071,3074,3814,2052,67,6,27,18,SUPPORT,5,0,49534,6691,6676,3006,3153,1031,3133,2052,39
ARAM,False,5,7,8,SUPPORT,240,0,14846,6630,1031,3111,1053,1036,3077,2052,19,4,13,11,SUPPORT,28,0,15793,4636,4645,3020,0,0,0,2052,3,5,14,11,DUO,498,0,55586,3087,1018,6672,3133,0,0,0,55,1,16,10,SUPPORT,111,0,18409,6665,3047,3070,3076,1011,0,0,25,12,9,6,SUPPORT,35,0,33321,6653,4637,3020,3145,1058,0,2052,20,10,25,5,SUPPORT,22,1,41976,6672,3078,3006,0,0,0,2052,28,10,24,4,SUPPORT,60,0,29830,3020,4637,6653,1058,0,0,2052,15,4,22,8,SUPPORT,24,0,26121,6632,3091,3111,0,0,0,0,13,10,21,5,SUPPORT,122,0,40427,6630,6333,3111,3067,0,0,0,35,12,24,5,DUO,127,0,78571,3157,4645,3020,6653,0,0,0,65
ARAM,False,6,17,12,SUPPORT,4,0,43178,3124,3006,3094,3091,0,0,0,44,10,11,7,SUPPORT,105,0,19913,4636,3100,2031,3157,1026,0,2052,7,15,12,13,SUPPORT,114,0,32431,6632,3074,3111,3161,3155,1036,0,26,2,28,12,SUPPORT,15,0,71026,3042,3006,6675,3046,0,0,2052,61,8,20,6,SUPPORT,143,0,46597,6653,3116,3020,4637,1058,0,0,36,10,18,4,SUPPORT,63,0,58971,6653,3916,2031,4637,1058,3020,0,48,5,24,8,SUPPORT,96,0,40081,3124,3085,6672,3006,0,0,2052,26,15,25,8,SUPPORT,711,0,45405,6655,3089,3020,4645,1052,0,2052,24,3,33,12,SUPPORT,50,0,53173,6653,3157,3111,3211,3067,0,2052,32,17,16,9,SUPPORT,200,0,42002,3078,3111,6672,3153,3051,0,2052,41
ARAM,True,16,21,8,SUPPORT,19,0,41009,6632,3153,3111,3077,6333,0,2052,24,8,28,7,SUPPORT,45,0,47611,6655,3135,3070,3020,4645,0,0,34,7,29,10,SUPPORT,32,0,30994,6665,3075,3068,0,3067,3111,2052,32,9,42,6,SUPPORT,147,0,59638,6655,3116,3020,3089,0,0,2052,46,17,26,4,SUPPORT,35,0,38333,6653,1026,3020,1028,0,0,0,21,4,13,10,SUPPORT,23,0,68717,3046,6671,3006,1053,1043,0,2052,53,10,13,12,SUPPORT,24,0,39859,3078,3111,3153,3082,3024,0,2052,35,12,16,11,SUPPORT,54,0,57572,6655,1058,3111,3040,1058,0,2052,28,2,19,12,SUPPORT,22,1,34548,3042,3134,6691,3158,0,0,2052,16,7,16,12,SUPPORT,105,0,32071,3157,4645,3020,6655,0,0,0,15
ARAM,False,2,29,8,DUO,15,0,98777,6675,3006,3087,1036,3072,1018,0,100,14,13,15,SUPPORT,24,0,35808,3078,3091,3111,3153,3065,0,2052,15,9,25,6,SUPPORT,99,0,45190,6655,4645,3020,4628,1052,0,2052,13,8,15,7,SUPPORT,38,0,28384,6657,3040,2420,3100,3020,1029,0,22,11,13,9,SUPPORT,950,0,35221,6691,6693,3006,6676,3133,1028,2052,35,8,24,4,SUPPORT,34,0,63960,6657,3020,3157,2031,3040,0,2052,46,7,24,14,SUPPORT,10,0,54535,3112,3006,3153,3091,6672,6677,2052,48,11,17,7,SUPPORT,101,0,71538,6653,3089,3020,3135,0,0,2052,55,15,11,8,SUPPORT,76,0,54337,6655,3089,3191,3135,3020,0,2052,26,4,18,11,SUPPORT,266,0,44982,3111,3071,6630,3211,3067,2031,2052,30
ARAM,False,2,19,3,SUPPORT,117,0,11271,3107,3222,6620,3504,3916,0,2052,3,7,12,7,SUPPORT,34,0,42192,6653,3040,3020,4637,3145,1052,0,36,5,14,5,DUO,119,0,51050,3078,3036,3111,6676,2015,1018,0,58,5,12,5,SUPPORT,31,0,45096,3083,3068,3047,4401,3067,0,0,25,7,10,6,SUPPORT,104,0,63726,3042,3006,6691,6676,3134,1036,0,54,9,9,4,SUPPORT,432,0,24014,3087,3006,3124,3094,0,0,2052,9,4,16,3,SUPPORT,4,0,74507,6655,3070,2031,3020,3100,1058,0,34,8,6,7,SUPPORT,51,0,75393,6672,3072,3006,3031,0,0,2052,71,1,10,7,SUPPORT,14,0,20884,3083,6660,6665,1031,0,0,0,9,4,10,5,DUO,90,0,84908,6653,3089,3020,3165,0,0,2052,106
ARAM,False,16,13,15,SUPPORT,114,0,86217,6632,3156,3111,3161,3065,6333,0,50,5,15,15,SUPPORT,84,0,37432,3801,3089,4636,3020,3100,0,2052,20,2,32,5,SOLO,350,0,27123,3040,4637,6653,3165,0,0,2052,7,6,20,9,DUO,29,0,110930,3124,3153,3006,3085,3036,0,0,127,12,20,9,SUPPORT,103,0,115663,6655,3040,3020,4645,3089,0,2052,72,3,37,7,NONE,497,0,35534,6665,3121,3111,3075,4401,1028,2052,27,5,41,10,SUPPORT,37,0,44026,3020,3089,6655,3165,3108,3057,0,21,11,28,10,SOLO,28,0,106196,6655,3020,3165,4645,4630,3089,0,66,8,29,7,SUPPORT,85,0,71263,3157,4645,3020,4636,3165,1058,2052,46,25,17,7,DUO,41,0,218579,3508,6675,3158,6676,6673,3033,0,120
ARAM,False,11,25,16,SUPPORT,221,0,216655,3078,3087,3006,3072,3085,3036,2052,153,16,30,22,DUO,136,0,151284,4645,3089,3157,6653,3020,3135,2052,159,14,16,23,SUPPORT,119,0,148270,6676,3508,3031,3072,3036,3094,2052,76,9,18,15,SUPPORT,103,0,97449,6655,4645,3020,3135,3165,3102,0,60,13,29,12,SUPPORT,50,0,127143,6665,4637,4401,3065,3116,3102,0,44,2,20,8,SUPPORT,16,0,34148,6655,3089,3020,4645,3135,3083,2052,12,27,34,12,SUPPORT,41,0,402418,6691,6676,3087,3508,3033,3072,0,185,33,31,11,SOLO,76,0,206563,6655,3117,4645,3089,3135,4628,2052,83,18,43,18,DUO,30,0,230342,6653,4637,4645,6696,3165,3089,0,127,8,30,14,SUPPORT,412,0,127054,6665,3111,4401,3075,3083,3065,0,85
ARAM,True,3,21,8,SUPPORT,79,0,24661,6656,1058,3157,3020,1052,1028,2052,13,1,23,5,SUPPORT,57,0,25123,2051,6665,3070,3111,3068,1029,0,27,22,24,9,SUPPORT,62,0,56388,6632,2420,3074,3071,6694,3047,0,34,20,22,8,DUO,104,0,72662,6676,6691,3006,3072,6673,1036,2052,74,9,26,7,SUPPORT,30,0,49813,6653,3040,3020,3089,1026,0,2052,40,9,22,11,SUPPORT,235,0,44448,3042,3006,6672,3124,2015,3086,2052,38,1,27,10,SUPPORT,267,0,20022,6617,3158,3070,3504,3114,3113,2052,13,6,18,9,SUPPORT,202,0,45635,3095,3009,6671,3036,0,0,2052,41,10,19,12,SUPPORT,268,0,67706,3157,3115,6653,4630,0,3020,2052,47,11,16,13,SUPPORT,234,0,58266,3111,3153,6672,6632,3133,1036,2052,40
ARAM,True,8,18,12,SUPPORT,92,0,28029,6631,3053,3111,1031,3133,0,2052,16,5,20,7,DUO,10,0,54482,3124,3006,3115,1033,3051,1042,0,69,18,19,9,SUPPORT,86,0,54385,3111,3742,6631,4401,1029,1036,2052,31,3,26,8,SUPPORT,117,0,11444,6617,3504,3158,3107,3114,3113,2052,7,9,18,3,SUPPORT,887,0,43381,3115,1033,3111,4633,0,0,2052,35,10,15,19,SUPPORT,107,0,30656,6691,6693,6676,0,3111,0,0,19,10,18,11,SUPPORT,133,3,37799,1038,3006,6672,6676,1037,1018,2052,22,0,29,1,SUPPORT,350,0,17784,6655,1058,1004,0,0,0,2052,8,6,24,7,SUPPORT,235,0,35878,2015,2031,3124,3009,3042,3086,2052,37,12,20,5,SUPPORT,63,0,41300,6655,3116,3020,1026,2003,1052,2052,18
ARAM,False,8,13,15,SUPPORT,555,0,19277,3177,3158,6691,6696,3814,0,0,4,9,17,8,SUPPORT,92,0,31697,3177,3111,3051,6692,3156,3077,0,18,11,17,11,SUPPORT,145,0,50311,3115,3124,3042,3006,2015,1018,2052,38,11,33,8,CARRY,99,0,112864,6655,1058,4645,3020,4628,3135,0,79,10,23,8,CARRY,888,0,58548,6653,3158,3040,4642,4637,1011,0,45,6,20,11,SUPPORT,412,0,46907,3087,3047,6665,3068,1053,1043,2052,30,14,14,7,SUPPORT,133,2,48614,6691,6693,3006,6676,3036,0,2052,38,6,26,10,DUO,157,0,80542,6672,6673,6665,3091,0,0,2052,59,13,24,11,SUPPORT,45,0,70561,6655,3089,3157,3102,3020,0,2052,27,11,22,10,SOLO,39,0,75250,3153,1037,3111,6665,3091,3133,2052,81
ARAM,True,8,21,8,SUPPORT,86,0,31967,6631,3742,3111,3067,0,0,0,32,5,34,8,SUPPORT,103,0,36172,6655,3020,2003,3089,0,0,2052,14,11,29,4,SUPPORT,18,0,53962,3031,3094,3006,3184,3035,0,0,38,17,34,4,SUPPORT,235,0,56249,6672,3124,3006,3094,3035,0,0,43,14,18,3,SUPPORT,35,0,29153,6653,4637,3020,3916,3145,1052,2052,13,5,7,11,SUPPORT,555,0,13288,6691,6696,3158,3134,0,0,2052,6,6,12,11,SUPPORT,36,0,23850,3084,3083,3111,3067,1028,0,2052,23,10,8,9,SUPPORT,119,0,37569,6676,6691,3006,6696,1036,0,2052,20,6,12,12,SUPPORT,23,0,30321,6671,3087,3006,1042,0,0,2052,20,0,11,12,SUPPORT,82,0,26903,4633,3047,3116,0,0,0,2052,19
ARAM,True,22,15,13,SUPPORT,20,0,55122,4636,4645,3020,3089,3076,1011,2052,20,6,22,7,SUPPORT,113,0,38395,3084,4401,3068,1028,0,3111,2052,27,10,14,5,SUPPORT,246,0,50367,3177,6691,3070,3111,6696,3134,0,44,2,10,1,SUPPORT,145,0,40897,3042,3087,3115,1001,0,0,0,60,4,15,3,SUPPORT,82,0,31103,6665,3047,6660,3075,0,0,2052,38,6,9,7,SUPPORT,56,0,22874,6696,6691,3158,3814,0,0,2052,14,8,13,13,SUPPORT,119,0,36700,3508,3031,3006,3036,0,0,2052,34,4,13,7,SUPPORT,104,0,42513,6691,3111,6676,3155,1053,0,0,44,7,11,7,SUPPORT,222,0,44013,6672,3085,3006,1053,1018,0,0,43,4,15,10,SUPPORT,127,0,31108,6653,4637,3020,1058,0,0,0,19
ARAM,True,7,38,5,SUPPORT,113,0,57717,2051,7026,3070,3047,3068,3076,0,58,17,26,5,SUPPORT,63,0,58316,1011,3158,0,3112,4637,7012,2052,21,13,31,8,SUPPORT,131,0,56347,3020,3157,7010,4645,1052,0,2052,21,9,34,7,SUPPORT,516,0,44375,7026,4401,3075,1029,0,3047,2052,38,13,36,2,SUPPORT,74,0,73679,6653,3116,3020,4637,1058,0,2052,52,11,9,8,SUPPORT,67,0,45313,6672,3153,3006,3046,1053,0,2052,37,4,15,12,SUPPORT,8,0,59773,4636,4629,3158,3065,4630,0,2052,36,8,12,18,SUPPORT,157,0,60254,3006,6665,6672,3072,3211,0,2052,41,3,13,11,SUPPORT,12,0,22003,6665,3111,2031,3083,1057,0,2052,8,1,14,10,SUPPORT,57,0,37526,3112,6653,3121,3020,1028,0,2052,24
ARAM,False,3,24,11,DUO,15,0,63058,3184,2031,3087,6675,3006,3086,2052,67,2,23,17,SUPPORT,235,0,23847,6692,6672,3006,2015,1036,3086,2052,14,5,12,15,SUPPORT,38,0,27819,6655,4645,3070,3020,3067,1058,0,30,4,9,14,SUPPORT,31,0,15525,6655,4645,3020,3145,0,0,2052,5,20,11,11,SUPPORT,54,0,43102,6662,3075,3047,3110,4401,1011,0,26,2,44,2,SUPPORT,16,0,23916,6655,3504,2031,3158,3011,0,0,6,23,22,11,SUPPORT,91,0,55045,6691,6676,3158,6696,6694,1036,0,47,9,37,5,SUPPORT,518,0,70348,6655,4645,3020,3135,1052,0,2052,39,13,24,12,SUPPORT,11,0,40169,6672,3124,3006,0,0,0,2052,24,21,22,5,SUPPORT,29,0,71613,3006,3031,6672,3085,1018,1036,2052,69
ARAM,False,11,10,14,SUPPORT,55,0,27353,3157,3020,3135,3089,1026,0,2052,6,14,7,15,SUPPORT,24,0,20275,6632,1001,3153,6333,3051,1033,0,10,1,19,8,SUPPORT,427,0,20954,6653,4637,3020,1011,0,0,2052,26,1,10,11,SUPPORT,31,0,40031,2051,3084,3070,3111,3068,0,2052,40,8,10,12,DUO,14,0,52017,6691,6676,3009,6696,1033,0,0,49,13,36,11,SUPPORT,4,0,73150,6653,4637,3020,3165,1058,0,2052,33,16,25,6,SUPPORT,30,0,40062,6653,4645,3020,3165,1011,0,2052,32,10,28,7,SUPPORT,145,0,44811,3042,6675,6672,3006,0,0,2052,35,9,35,8,SUPPORT,711,0,51800,6655,4645,3020,1058,1058,0,0,29,12,29,3,SUPPORT,45,0,56474,6655,3089,3020,3145,0,0,2052,51
ARAM,False,11,28,12,SUPPORT,112,0,70941,3112,6655,3040,4645,1058,0,2052,32,22,21,11,SOLO,20,0,75664,4636,4645,3020,3135,3165,1058,2052,36,9,36,6,SOLO,13,0,72651,6656,3020,3121,3110,3075,1026,2052,41,8,15,12,DUO,41,0,81985,3158,6675,3508,6676,3036,1036,2052,65,10,22,8,DUO,122,0,72344,3078,3009,6333,3742,3053,0,0,56,8,12,17,SUPPORT,63,0,63605,6653,3165,3157,4645,0,3020,2052,38,2,28,10,DUO,30,0,90635,6655,3089,3020,3135,3191,0,2052,59,29,8,14,DUO,92,0,105728,6630,3074,3111,3156,6333,3161,2052,60,4,27,10,SUPPORT,10,0,58372,3124,3115,3006,6672,3091,0,2052,59,6,19,9,DUO,81,0,63419,6632,3006,3042,3153,3035,3133,2052,37
ARAM,False,11,26,9,SOLO,76,0,89751,3040,4645,6655,3089,3135,0,2052,31,18,22,20,SUPPORT,711,0,84008,6655,3089,3157,3135,3020,4632,2052,22,15,24,18,SUPPORT,6,0,108217,3748,3111,3084,3075,4401,3068,0,73,4,31,18,SUPPORT,875,0,61396,3084,3068,4401,3075,3065,0,2052,52,18,22,13,SUPPORT,432,0,130767,3087,3006,6672,3124,3094,3153,0,91,18,27,9,SUPPORT,555,0,33608,6691,6695,3158,3179,6676,3156,2052,11,17,41,9,SUPPORT,45,0,161796,3020,3083,6655,4645,3165,3089,2052,109,12,38,19,SUPPORT,10,0,115429,3124,3006,3115,3153,3091,1043,2052,78,7,52,11,SUPPORT,74,0,116083,6653,3020,3157,4637,3116,3089,0,71,24,20,18,NONE,11,0,105828,6691,3006,3091,3153,6676,6333,0,22
ARAM,False,11,6,8,SUPPORT,81,0,53202,3177,3111,3042,6694,3078,3133,0,45,9,16,10,SUPPORT,1,0,38587,3020,0,3916,3089,4645,6655,2052,16,0,0,2,SUPPORT,111,0,1097,3105,2010,2031,0,0,0,2052,1,9,9,10,DUO,104,0,80163,6691,6676,3006,3072,1018,3035,2052,88,3,18,8,SUPPORT,54,0,43456,3084,3070,3111,4401,6660,1031,0,36,4,33,3,SUPPORT,40,0,62556,6655,3040,2424,3158,4005,3108,2052,42,7,21,6,SUPPORT,96,0,54158,6653,4637,1028,3020,3070,1058,2052,30,5,18,8,SUPPORT,63,0,47744,3157,3116,3020,6653,1052,1028,2052,42,16,9,8,SUPPORT,254,0,61230,6333,6676,6692,3111,3508,3035,2052,40,6,16,7,SUPPORT,29,0,51722,3006,3085,3124,3115,3051,1043,2052,74
ARAM,True,7,20,17,SUPPORT,91,0,61440,3042,6696,6691,3158,6693,3133,0,34,7,38,15,SUPPORT,51,0,103312,6671,3072,6672,3006,3134,3036,2052,81,19,36,13,SUPPORT,54,0,87144,4636,3157,3020,3089,4645,3135,2052,38,37,29,15,SOLO,59,0,89033,6693,3047,6691,6676,6333,3814,0,51,15,38,13,SUPPORT,268,0,131670,6653,3115,3145,4645,3089,3116,0,111,4,14,20,SUPPORT,157,0,48486,6691,6693,3006,3036,1031,3133,2052,32,18,24,15,DUO,29,0,129979,3006,3124,3153,6672,3085,3036,2052,83,31,25,17,CARRY,126,0,142029,3042,3158,6691,6676,6694,3814,2052,70,12,31,17,DUO,119,0,135012,3814,3006,3031,3508,3036,6673,2052,86,8,45,16,SOLO,64,0,66098,6691,6696,3158,3156,6333,6676,2052,31
ARAM,False,3,24,13,SUPPORT,222,0,70824,6691,6672,3006,3085,2015,3086,0,61,8,24,13,SUPPORT,20,0,69354,3020,6655,2031,4645,4628,1058,2052,35,13,18,8,SUPPORT,51,0,77697,6691,6676,3006,3072,6696,0,0,56,17,19,11,SUPPORT,126,0,68727,3123,6694,3042,3158,6691,6676,0,57,5,21,11,SUPPORT,420,0,57802,6632,3071,3111,6333,3076,1028,2052,32,1,34,8,SUPPORT,40,0,30542,6617,3165,3158,4005,0,0,2052,8,10,17,11,SUPPORT,254,0,38639,6632,6333,3047,6676,3123,3133,2052,21,24,16,11,DUO,119,0,121093,6676,3508,3072,3031,3094,3085,0,87,15,20,9,SUPPORT,9,0,45017,3157,6653,3020,3116,3165,0,2052,26,6,16,7,SUPPORT,8,0,57506,4636,4629,3020,3089,1026,0,2052,42
ARAM,False,13,35,13,SUPPORT,30,0,132598,0,0,0,0,0,0,0,68,10,16,16,SUPPORT,17,0,79206,6653,3089,3020,3135,4629,1058,2052,55,20,20,19,SUPPORT,9,0,117675,3157,4636,3020,3089,3135,3165,2052,59,10,23,12,SOLO,203,0,135366,6672,3078,3006,3091,3153,3036,0,111,8,20,15,SUPPORT,122,0,56579,3111,3742,6631,6333,4401,1036,2052,33,8,35,10,SUPPORT,23,0,61696,3084,3046,3153,3006,3748,1038,2052,38,10,46,9,SUPPORT,43,0,108022,6653,3020,3089,4637,4645,3916,2052,50,16,34,18,SUPPORT,10,0,79951,3006,3115,3124,3091,3072,3085,2052,66,23,30,11,SOLO,92,0,109476,6692,3074,3111,6333,3071,3156,0,55,18,33,13,DUO,222,0,135998,3031,4401,3085,3072,3094,3065,2052,139
ARAM,True,5,21,6,SUPPORT,142,0,40426,6655,4645,3158,4628,3100,0,2052,20,15,14,11,DUO,112,0,98394,6653,3100,3020,4645,3089,3135,2052,72,9,21,10,SOLO,21,0,105198,3124,3153,6672,3036,3006,0,0,104,18,10,12,SUPPORT,84,0,60010,4633,4645,3020,3089,3113,3108,2052,14,6,27,6,SUPPORT,54,0,57987,2051,3084,3070,3009,3075,3065,2052,33,18,17,8,NONE,110,0,109882,6691,3042,3158,6676,3814,6694,2052,60,2,17,10,NONE,432,0,44952,4636,3089,3020,3100,1043,3108,2052,47,7,17,11,SUPPORT,31,0,51093,3111,3116,6656,3083,4401,1028,2052,25,13,13,12,SOLO,238,0,62555,6691,6676,3111,6696,3814,1036,2052,40,5,22,12,CARRY,10,0,54253,4633,3115,3006,3091,1058,1058,2052,50
ARAM,True,7,48,14,DUO,203,0,88427,6672,3124,3006,3091,3085,1053,0,65,14,50,14,SUPPORT,238,0,99816,6692,3074,3111,6694,3071,3134,2052,57,13,51,9,SUPPORT,1,0,88639,6653,4637,3158,3089,3003,4630,2052,37,17,45,16,NONE,245,0,112324,3020,3152,3100,3089,3135,3108,2052,55,28,34,11,SUPPORT,950,0,110298,6691,6676,3074,6694,6693,3071,2052,67,6,35,12,SUPPORT,412,0,46305,3084,3075,3047,4401,3068,0,2052,21,7,36,17,SUPPORT,6,0,141981,3748,3084,1057,3111,3071,6333,2052,82,18,30,17,SUPPORT,86,0,114318,3084,3068,3077,3075,4401,3083,2052,59,17,28,15,SUPPORT,84,0,125252,4636,4645,3020,3089,3100,3102,0,48,16,29,18,SUPPORT,38,0,116241,3157,3020,6657,4645,3040,3089,2052,57
